п»ҝkey,text,english,notes,tag,checked,checked_by,date,google,chatgpt,gemini,glaude,bing
version,6.02,6.02,5.5,float,True,,,,,,,
pdf_title,бһ”бҹ’бһҡбһңбһҸбҹ’бһҸбһ·бһҹбһ¶бһҹбҹ’бһҸбҹ’бһҡбһҳбһ“бһ»бһҹбҹ’бһҹбһҮбһ¶бһҸбһ· бһўбҹҶбһЎбһ»бһ„бһ–бҹҒбһӣ бҹҰбҹ бҹ бҹ бһҶбҹ’бһ“бһ¶бҹҶ,6000 years human history visualized,2026-02-12,text,False,,,,,,,
pdf_subject,бһҖбһ¶бһҡбһҖбҹҶбһҺбһҸбҹӢбһ–бҹҒбһӣбһңбҹҒбһӣбһ¶бһҡбһ”бһҹбҹӢбһҳбһ“бһ»бһҹбҹ’бһҹ,Timeline of humankind,Timeline of humankind,text,False,,,,,,,
BCE,B.C.E.,B.C.E.,B.C.E.,B9,False,,,,,,,
CE,C.E.,C.E.,C.E.,B9,False,,,,,,,
month,бһҒбҹӮ,month,month,text,True,,,,,,,
months,бһҒбҹӮ,months,months,text,False,,,,,,,
day,бһҗбҹ’бһ„бҹғ,day,day,text,False,,,,,,,
days,бһҗбҹ’бһ„бҹғ,days,days,text,False,,,,,,,
to,бһ‘бҹ…,to,to,text,False,,,,,,,
Deluge,бһ‘бһ№бһҖбһҮбҹҶбһ“бһ“бҹӢ,Deluge,Deluge,text,False,,,,,,,
moses2,бҹЎбҹҘбҹ©бҹЈ бһҠбһӣбҹӢ бҹЎбҹӨбҹ§бҹЈ бһҳбһ»бһ“бһӮ.бһҹ. - бҹЎбҹўбҹ  бһҶбҹ’бһ“бһ¶бҹҶбҹ”,1593 to 1473 B.C.E. вҖ“ 120 years,1593 to 1473 B.C.E. вҖ“ 120 years,text,False,,,,,,,
temple1,бһҒбҹӮвҖӢбһҺбҹӮбһҹбһ¶бһ“ бһҶбҹ’бһ“бһ¶бҹҶ бҹЎбҹҘбҹЎбҹЈ бһҳбһ»бһ“ бһӮ.бһҹ. бһ‘бҹ… бһҹбҹҠбһёбһң бҹЎбҹ бҹЈбҹӨ бһҳбһ»бһ“бһӮбҹ”,Nisan 1513 B.C.E. to Ziv 1034 B.C.E.,Nisan 1513 B.C.E. to Ziv 1034 B.C.E.,text,False,,,,,,,
69weeks,бһ–бҹ’бһҡбҹҮвҖӢбһҷбҹҒбһҹбҹҠбһјвҖӢбһ”бһ¶бһ“вҖӢбһ’бҹ’бһңбһҫвҖӢбһ”бһ»бһҺбҹ’бһҷвҖӢбһҮбҹ’бһҡбһҳбһ»бһҮвҖӢбһ‘бһ№бһҖвҖӢбһ“бҹ…вҖӢбһҡбһҠбһјбһңвҖӢбһҹбҹ’бһӣбһ№бһҖвҖӢбһҲбһҫвҖӢбһҮбҹ’бһҡбһ»бҹҮ бһҶбҹ’бһ“бһ¶бҹҶ бҹўбҹ© бһӮ.бһҹ.,Jesus baptized autumn 29 C.E.,Jesus baptized autumn 29 C.E.,text,False,,,,,,,
year,бһҶбҹ’бһ“бһ¶бҹҶ,year,year,text,False,,,,,,,
years,бһҶбҹ’бһ“бһ¶бҹҶ,years,years,text,False,,,,,,,
years_age,бһҶбҹ’бһ“бһ¶бҹҶ,years,years,text,False,,,,,,,
age_kings, , , ,text,False,,,,,,,
wilderness,бһўбҹҠбһёбһҹбҹ’бһҡбһ¶бһўбҹӮбһӣбһ“бҹ…бһ‘бһёбһҡбһ бҹ„бһҹбҹ’бһҗбһ¶бһ“бһ–бһёбһҶбҹ’бһ“бһ¶бҹҶ бҹЎбҹҘбҹЎбҹЈ бһҠбһӣбҹӢ бҹЎбҹӨбҹ§бҹЈ бһҳбһ»бһ“бһӮ. - бҹӨбҹ  бһҶбҹ’бһ“бһ¶бҹҶбҹ”,Israel in the wilderness 1513 to 1473 B.C.E. вҖ“ 40 years,Israel in the wilderness 1513 to 1473 B.C.E. вҖ“ 40 years,text,False,,,,,,,
timespan_judges,бҹЎбҹӨбҹ§бҹЈ бһҠбһӣбҹӢ бҹЎбҹЎбҹЎбҹ§ бһҳбһ»бһ“бһӮ.бһҹ -- бҹЈбҹҘбҹҰбһҶбҹ’бһ“бһ¶бҹҶ,1473 to 1117 B.C.E. вҖ“ 356 years,1473 to 1117 B.C.E. вҖ“ 356 years,text,False,,,,,,,
timespan_judges2,бһ…бһ“бҹ’бһӣбҹ„бҹҮбһ–бҹҒбһӣбһңбҹҒбһӣбһ¶бһ“бҹғбһ…бҹ…бһҖбҹ’бһҡбһҳ,Time of the judges,Time of the judges,text,False,,,,,,,
temple2,бҹӨбҹ§бҹ© бһҶбҹ’бһ“бһ¶бҹҶвҖӢбһҡбһ бһјбһҸвҖӢбһҠбһӣбҹӢвҖӢбһҖбһ¶бһҡвҖӢбһҹбһ¶бһ„бһҹбһ„бҹӢвҖӢбһ–бҹ’бһҡбҹҮбһңбһ·бһ бһ¶бһҡвҖӢбһ”бһҡбһ·бһҹбһ»бһ‘бҹ’бһ’ вҖ” бһ–бһ„бҹ’бһҹбһ¶бһңбһҸбһ¶бһҡбһҖбҹ’бһҹбһҸбҹ’бһҡвҖӢбһ‘бһё бҹЎбҹҰ:бҹЎ,479 years until the temple construction вҖ“ 1 Kings 6:1,479 years until the temple construction вҖ“ 1 Kings 6:1,text,False,,,,,,,
69weeks2,бҹҰбҹ© бһҹбһ”бҹ’бһҸбһ¶бһ бҹҚбһҠбһӣбҹӢбһ–бҹ’бһҡбҹҮбһҳбҹҒбһҹбҹ’бһҹбҹҠбһё - бһҠбһ¶бһ“бһёбһҷбҹүбҹӮбһӣ бҹ©: бҹўбҹҘ,69 weeks to the Messiah вҖ“ Daniel 9:25,69 weeks to the Messiah вҖ“ Daniel 9:25,text,False,,,,,,,
jesus_service,бҹЈ.бҹҘ бһҶбҹ’бһ“бһ¶бҹҶвҖӢбһ“бҹғвҖӢбһҖбһ¶бһҡвҖӢбһ”бһҳбҹ’бһҡбһҫвҖӢбһ–бҹ’бһҡбҹҮвҖӢбһҷбҹҒбһҹбҹҠбһј бһҸбҹ’бһҡбһјбһңвҖӢбһ”бҹ’бһҡбһ бһ¶бһҡвҖӢбһҮбһёбһңбһ·бһҸвҖӢбһҗбҹ’бһ„бҹғвҖӢбһ‘бһё бҹЎбҹӨ бһҒбҹӮвҖӢбһҺбҹӮбһҹбһ¶бһ“ бһҶбҹ’бһ“бһ¶бҹҶ бҹЈбҹЈ бһӮ.бһҹ.,"3.5 years of Jesus service, executed Nisan 14th, 33 C.E.","3.5 years of Jesus service, executed Nisan 14th, 33 C.E.",text,False,,,,,,,
jesus_life,бһ–бҹ’бһҡбҹҮбһҷбҹҒбһҹбҹҠбһјбһңвҖӢбһ”бһ¶бһ“вҖӢбһ”бҹ’бһҡбһҹбһјбһҸвҖӢбһ“бҹ…вҖӢбһҶбҹ’бһ“бһ¶бҹҶ бҹў бһҳбһ»бһ“бһӮ.бһҹ.,Jesus born 2 B.C.E.,Jesus born 2 B.C.E.,text,False,,,,,,,
exile,бҹҰбҹ бҹ§ бһҠбһӣбҹӢ бҹҘбҹЈбҹ§ бһҳбһ»бһ“бһӮ.бһҹ. вҖ” бҹ§бҹ  бһҶбҹ’бһ“бһ¶бҹҶ (бһҷбҹҒбһҡбҹҒбһҳбһ¶ бҹўбҹҘ:бҹЎбҹЎ),607 to 537 B.C.E. вҖ“ 70 years (Jeremiah 25:11),607 to 537 B.C.E. вҖ“ 70 years (Jeremiah 25:11),text,False,,,,,,,
exile2,бһ“бһ·бһҡбһ‘бҹҒбһҹбһҒбҹ’бһӣбһҪбһ“,Exile,Exile,text,False,,,,,,,
7times2,бҹ§ бһҠбһ„ вҖ“ бҹўбҹҘбҹўбҹ  бһҶбҹ’бһ“бһ¶бҹҶвҖӢбһҠбһӣбҹӢвҖӢбһҡбһ¶бһҮбһ¶бһҺбһ¶бһ…бһҖбҹ’бһҡвҖӢбһҳбҹҒбһҹбҹ’бһҹбҹҠбһё бһҶбҹ’бһ“бһ¶бҹҶ бҹЎбҹ©бҹЎбҹӨ бһӮ.бһҹ. (бһҠбһ¶бһ“бһёбһҷбҹүбҹӮбһӣ бҹӨ:бҹўбҹЈ),7 times вҖ“ 2520 years to the Messianic Kingdom 1914 C.E. (Daniel 4:23),7 times вҖ“ 2520 years to the Messianic Kingdom 1914 C.E. (Daniel 4:23),text,False,,,,,,,
ww1,бһҹбһ„бҹ’бһӮбҹ’бһҡбһ¶бһҳбһӣбҹ„бһҖбһӣбһҫбһҖбһ‘бһё бҹЎ - бҹЎбҹ©бҹЎбҹӨ-бҹЎбҹ©бҹЎбҹЁ бһӮ.,World War I вҖ“ 1914вҖ“1918,World War I вҖ“ 1914вҖ“1918 C.E.,text,False,,,,,,,
ww2,бһҹбһ„бҹ’бһӮбҹ’бһҡбһ¶бһҳбһӣбҹ„бһҖбһӣбһҫбһҖбһ‘бһё бҹў - бҹЎбҹ©бҹЈбҹ©-бҹЎбҹ©бҹӨбҹҘ бһӮ.,World War II вҖ“ 1939вҖ“1945,World War II вҖ“ 1939вҖ“1945 C.E.,text,False,,,,,,,
30_year_war,бһҹбһ„бҹ’бһӮбҹ’бһҡбһ¶бһҳбһҹбһ¶бһҳбһҹбһ·бһ”бһҶбҹ’бһ“бһ¶бҹҶбһ“бҹ…бһўбһәбһҡбҹүбһ»бһ” бҹЎбҹҰбҹЎбҹЁ-бҹЎбҹҰбҹӨбҹЁ,Thirty Years' War in Europe 1618-1648,Thirty Years' War in Europe 1618-1648,text,False,,,,,,,
joshua,бҹЎбҹЎбҹ  бһҶбҹ’бһ“бһ¶бҹҶбҹ”,110 years,110 years,text,False,,,,,,,
caleb,бһҮбһ¶бһ„ бҹЁбҹҘ бһҶбҹ’бһ“бһ¶бҹҶбҹ”,more than 85 years,more than 85 years,text,False,,,,,,,
missionary1,бһҠбҹҶбһҺбһҫбһҡбһ•бҹ’бһҹбһ„бһ–бҹ’бһҡбҹҒбһ„бһҠбҹҶбһ”бһјбһ„бһҡбһ”бһҹбҹӢбһ”бҹүбһ»бһӣ бһӮ. бҹӨбҹ§вҖ“бҹӨбҹЁ бһӮ.бһҹ. бһҮбһ¶бһҳбһҪбһҷвҖӢбһ”бһ¶бһҺбһ¶бһ”бһ¶бһҹ бһ“бһ·бһ„вҖӢбһҷбҹүбһјбһ бһ¶бһ“ бһҳбҹүбһ¶бһҖбһ»бһҹ,"First Missionary Journey of Paul, c. 47-48 C.E. with Barnabas and John Mark","First Missionary Journey of Paul, c. 47-48 C.E. with Barnabas and John Mark",text,False,,,,,,,
circumcision,бһ”бһүбҹ’бһ бһ¶бһҖбһ¶бһҸбҹӢбһҹбҹ’бһ”бҹӮбһҖбһ“бҹ…бһҖбҹ’бһҡбһ»бһ„бһўбһ¶бһ“бҹӢбһ‘бһёбһҷбҹүбһјбһҖ бһҹбһ“бҹ’бһ“бһ·бһҹбһёбһ‘бһ“бҹ…бһ‘бһёбһҖбҹ’бһҡбһ»бһ„бһҷбҹҒбһҡбһјбһҹбһ¶бһЎбһ№бһҳ бһӮ. бҹӨбҹ© бһӮ.бһҹ.,"Circumcision issue at Antioch, conference in Jerusalem c. 49 C.E.","Circumcision issue at Antioch, conference in Jerusalem c. 49 C.E.",text,False,,,,,,,
missionary2,бһҠбҹҶбһҺбһҫбһҡбһ•бҹ’бһҹбһ„бһ–бҹ’бһҡбҹҒбһ„бһ‘бһёбһ–бһёбһҡ бһӮ. бҹӨбҹ©-бҹҘбҹў бһӮ.бһҹ. бһҮбһ¶бһҳбһҪбһҷбһҹбҹҠбһёбһЎбһ¶бһҹ (бһҹбҹҠбһёбһӣбһңбҹүбһ¶бһ“бһ»бһҹ),Second Missionary Journey c. 49-52 C.E with Silas (Silvanus),Second Missionary Journey c. 49-52 C.E with Silas (Silvanus),text,False,,,,,,,
missionary3,бһҠбҹҶбһҺбһҫбһҡбһ•бҹ’бһҹбһ„бһ–бҹ’бһҡбҹҒбһ„бһ‘бһёбһ”бһё бһӮ. бҹҘбҹў-бҹҘбҹҰ бһӮ.бһҹ.,Third Missionary Journey c. 52-56 C.E.,Third Missionary Journey c. 52-56 C.E.,text,False,,,,,,,
caesarea,бһ”бҹүбһјбһӣвҖӢбһҠбҹӮбһӣвҖӢбһҮбһ¶бһ”бҹӢвҖӢбһғбһ»бҹҶбһғбһ¶бҹҶбһ„вҖӢбһ“бҹ…вҖӢбһҹбҹҒбһҹбһ¶бһҡбһ¶ бһӮ. бҹҘбҹҰ-бҹҘбҹЁ бһӮ.бһҹ.,Paul in custody in Caesarea c. 56-58 C.E.,Paul in custody in Caesarea c. 56-58 C.E.,text,False,,,,,,,
rome1,бһҖбһ¶бһҡбһҮбһ¶бһ”бҹӢбһӮбһ»бһҖбһҠбҹҶбһ”бһјбһ„бһҡбһ”бһҹбҹӢбһ”бҹүбһјбһӣбһ“бҹ…бһ‘бһёбһҖбҹ’бһҡбһ»бһ„бһҡбҹүбһјбһҳ бһӮ. бҹҘбҹ©-бҹҰбҹЎ бһӮ.бһҹ.,PaulвҖҷs first imprisonment in Rome c. 59-61 C.E.,PaulвҖҷs first imprisonment in Rome c. 59-61 C.E.,text,False,,,,,,,
rome2,бһҖбһ¶бһҡбһҮбһ¶бһ”бҹӢбһӮбһ»бһҖбһӣбһҫбһҖбһ‘бһёбһ–бһёбһҡбһҡбһ”бһҹбҹӢбһ”бҹүбһјбһӣбһ“бҹ…бһ‘бһёбһҖбҹ’бһҡбһ»бһ„бһҡбҹүбһјбһҳ бһӮ. бҹҰбҹҘ бһӮ.бһҹ. бһ’бһёбһҳбҹүбһјбһҗбҹҒбһ‘бһёбҹў бһ”бһ¶бһ“бһҹбһҡбһҹбҹҒбһҡбһҗбһ¶ бһ”бҹүбһ»бһӣбһ”бһ¶бһ“бһ”бҹ’бһҡбһ бһ¶бһҡбһҮбһёбһңбһ·бһҸ,"PaulвҖҷs second imprisonment in Rome c. 65 C.E., 2 Timothy written, Paul executed","PaulвҖҷs second imprisonment in Rome c. 65 CE, 2 Timothy written, Paul executed",text,False,,,,,,,
event_exodus,бһ“бһ·бһҖбҹ’бһҒбһҳбһ“бҹҶвҖӢбһ…бҹҒбһүвҖӢбһ–бһёвҖӢбһ”бҹ’бһҡбһ‘бҹҒбһҹвҖӢбһўбҹҒбһҹбҹҠбһёбһ”вҖӢбһ“бҹ…вҖӢбһҗбҹ’бһ„бҹғвҖӢбһ‘бһё бҹЎбҹӨ бһҒбҹӮвҖӢбһҺбҹӮбһҹбһ¶бһ“ бһҶбҹ’бһ“бһ¶бҹҶ бҹЎбҹҘбҹЎбҹЈ бһҳбһ»бһ“ бһӮ.бһҹ.,"Exodus from Egypt on Nisan 14th, 1513 B.C.E.","Exodus from Egypt on Nisan 14th, 1513 B.C.E.",text,False,,,,,,,
event_division_kingdom,бһ•бҹ’бһ“бҹӮбһҖбһ“бҹғбһўбҹҠбһёбһҹбҹ’бһҡбһ¶бһўбҹӮбһӣ бҹ©бҹ©бҹ§ бһҳбһ»бһ“бһӮ.бһҹ,Division of Israel 997 BCE,Division of Israel 997 BCE,text,False,,,,,,,
event_destruction_samaria,бһҖбһ¶бһҡбһ”бҹҶбһ•бҹ’бһӣбһ·бһ…бһ”бҹҶбһ•бҹ’бһӣбһ¶бһүбһҹбҹ’бһҡбһ»бһҖбһҹбһ¶бһҳбҹүбһ¶бһҡбһё бҹ§бҹӨбҹ  бһҳбһ»бһ“бһӮ.бһҹ. бһҠбҹ„бһҷ бһўбһ¶бһҹбҹ’бһҹбҹҠбһёбһҡбһё,Destruction of Samaria 740 B.C.E. by Assyria,Destruction of Samaria 740 B.C.E. by Assyria,text,False,,,,,,,
event_destruction_jerusalem1,бһҖбһ¶бһҡбһ”бҹҶбһ•бҹ’бһӣбһ·бһ…бһ”бҹҶбһ•бҹ’бһӣбһ¶бһүбһҖбҹ’бһҡбһ»бһ„бһҷбҹҒбһҡбһјбһҹбһ¶бһЎбһ№бһҳ бҹҰбҹ бҹ§ бһҳбһ»бһ“бһӮ. бһҠбҹ„бһҷбһ”бһ¶бһ”бҹҠбһёбһЎбһјбһ“ бҹЈбҹ©бҹ  бһҶбҹ’бһ“бһ¶бҹҶбһ”бһ“бҹ’бһ‘бһ¶бһ”бҹӢбһ–бһёбһҖбһ¶бһҡбһ”бҹӮбһҖбһ”бһ¶бһҖбҹӢбһ“бҹғбһ“бһӮбһҡ (бһўбҹҒбһҹбҹҒбһӮбһ¶бһӣ бҹӨ: бҹҘ),"Destruction of Jerusalem 607 B.C.E. by Babylon, 390 years after the division of the kingdom (Ezekiel 4:5)","Destruction of Jerusalem 607 B.C.E. by Babylon, 390 years after the division of the kingdom (Ezekiel 4:5)",text,False,,,,,,,
event_temple_rebuilt,бһ”бҹ’бһҡбһ¶бһҹбһ¶бһ‘вҖӢбһ“бҹ…вҖӢбһҖбҹ’бһҡбһ»бһ„вҖӢбһҷбҹҒбһҡбһјбһҹбһ¶бһЎбһ№бһҳвҖӢбһ”бһ¶бһ“вҖӢбһҖбһҹбһ¶бһ„вҖӢбһЎбһҫбһ„вҖӢбһңбһ·бһүвҖӢбһ“бҹ…вҖӢбһҶбҹ’бһ“бһ¶бҹҶ бҹҘбҹЎбҹҘ бһҳбһ»бһ“вҖӢбһӮ.бһҹ.,Temple in Jerusalem rebuilt 515 B.C.E.,Temple in Jerusalem rebuilt 515 B.C.E.,text,False,,,,,,,
event_jerusalem_rebuilt,бһҮбһүбҹ’бһҮбһ¶бҹҶбһ„вҖӢбһҖбҹ’бһҡбһ»бһ„вҖӢбһҷбҹҒбһҡбһјбһҹбһ¶бһЎбһ·бһҳвҖӢбһ”бһ¶бһ“вҖӢбһҖбһҹбһ¶бһ„вҖӢбһЎбһҫбһ„вҖӢбһңбһ·бһүвҖӢбһ“бҹ…вҖӢбһҶбҹ’бһ“бһ¶бҹҶ бҹӨбҹҘбҹҘ бһҳбһ»бһ“бһӮ.бһҹ.,Jerusalem wall rebuilt 455 B.C.E.,Jerusalem wall rebuilt 455 B.C.E.,text,False,,,,,,,
event_destruction_jerusalem2,бһҖбһ¶бһҡбһ”бҹҶбһ•бҹ’бһӣбһ·бһ…бһ”бҹҶбһ•бҹ’бһӣбһ¶бһүбһҖбҹ’бһҡбһ»бһ„бһҷбҹҒбһҡбһјбһҹбһ¶бһЎбһ·бһҳбһҶбҹ’бһ“бһ¶бҹҶ бҹ§бҹ  бһ“бҹғбһӮ.бһҹ. бһҠбҹ„бһҷбһ‘бһёбһҖбҹ’бһҡбһ»бһ„бһҡбҹүбһјбһҳбһ“бҹ…бһҖбҹ’бһҡбҹ„бһҳбһ‘бһёбһҸбһ»бһҹ,Destruction of Jerusalem 70 C.E. by Rome under Titus,Destruction of Jerusalem 70 C.E. by Rome under Titus,text,False,,,,,,,
event_1914,бһ…бһ»бһ„бһ”бһүбҹ’бһ…бһ”бҹӢбһ“бҹғбһӮбҹ’бһҡбһ¶бһ“бҹғбһ”бҹ’бһҡбһҮбһ¶бһҮбһ¶бһҸбһ·бһ“бһ¶бһ“бһ¶ (бһӣбһјбһҖбһ¶ бҹўбҹЎ:бҹўбҹӨ) бһҡбһ¶бһҮбһ¶бһҺбһ¶бһ…бһҖбҹ’бһҡбһҡбһ”бһҹбҹӢбһ–бҹ’бһҡбҹҮбһ…бһ¶бһ”бҹӢбһ•бҹ’бһҸбһҫбһҳбһӮбҹ’бһҡбһ”бҹӢбһӮбҹ’бһҡбһ„бһ“бҹ…бһҹбҹ’бһҗбһ¶бһ“бһҹбһҪбһӮбҹҢбһ“бҹ…бһҶбҹ’бһ“бһ¶бҹҶ бҹЎбҹ©бҹЎбҹӨ бһӮ.бһҹ.,"End of the time of the nations (Luke 21:24), GodвҖҷs Kingdom starts to rule in heaven 1914 C.E.","End of the time of the nations (Luke 21:24), GodвҖҷs Kingdom starts to rule in heaven 1914 C.E.",text,False,,,,,,,
became_king,бһ”бһ¶бһ“бһҖбҹ’бһӣбһ¶бһҷбһҮбһ¶бһҹбҹ’бһҸбҹҒбһ…бһ“бҹ…бһўбһ¶бһҷбһ»,becomes king at age,becomes king at age,text,False,,,,,,,
vulgate,Vulgate бһ”бһ¶бһ“бһ”бһүбҹ’бһ…бһ”бҹӢбһҠбҹ„бһҷ Jerome (бһҖбһ¶бһҡбһ”бһҖбһ”бҹ’бһҡбҹӮбһҮбһ¶бһЎбһ¶бһҸбһ¶бҹҶбһ„бһ“бҹғбһ–бҹ’бһҡбҹҮбһӮбһҳбҹ’бһ–бһёбһҡ) бһӮ. бҹӨбҹ бҹҘ бһӮ.бһҹ.,Vulgate completed by Jerome (Latin translation of the bible) c. 405 C.E.,Vulgate completed by Jerome (Latin translation of the bible) c. 405 C.E.,text,False,,,,,,,
gutenberg,бһҹбҹҖбһңбһ—бҹ… Gutenberg бһ”бҹ„бҹҮбһ–бһ»бһҳбҹ’бһ–бһҶбҹ’бһ“бһ¶бҹҶ бҹЎбҹӨбҹҘбҹҘ,Gutenberg Bible printed 1455,Gutenberg Bible printed 1455,text,False,,,,,,,
erasmus,бһўбһҸбҹ’бһҗбһ”бһ‘бһҮбһ¶бһ—бһ¶бһҹбһ¶бһҖбҹ’бһҡбһ·бһ…бһ“бҹғбһ”бһ‘бһӮбһҳбҹ’бһ–бһёбһҡбһ—бһ¶бһҹбһ¶бһҖбҹ’бһҡбһ·бһ…бһҡбһ”бһҹбҹӢбһӮбҹ’бһҡбһ·бһҹбҹ’бһҸбһ”бһҡбһ·бһҹбҹҗбһ‘ бһ”бҹ„бҹҮбһ–бһ»бһҳбҹ’бһ–бһҠбҹ„бһҷ Desiderius Erasmus бһ“бҹғбһ‘бһёбһҖбҹ’бһҡбһ»бһ„ Rotterdam бһҶбҹ’бһ“бһ¶бҹҶ бҹЎбҹҘбҹЎбҹҰ,Greek text of Christian Greek Scriptures published by Desiderius Erasmus of Rotterdam 1516,Greek text of Christian Greek Scriptures published by Desiderius Erasmus of Rotterdam 1516,text,False,,,,,,,
luther,бһҖбһ¶бһҡвҖӢбһ”бһҖвҖӢбһ”бҹ’бһҡбҹӮ Luther Bible бһ“бҹ…вҖӢбһҒбҹӮвҖӢбһҖбһүбҹ’бһүбһ¶ бһҶбҹ’бһ“бһ¶бҹҶ бҹЎбҹҘбҹўбҹў,Luther Bible translation in September 1522,Luther Bible translation in September 1522,text,False,,,,,,,
tyndale,бһҖбһ¶бһҡбһ”бһҖбһ”бҹ’бһҡбҹӮбһ–бҹ’бһҡбҹҮбһӮбһҳбҹ’бһ–бһёбһҡбһҮбһ¶бһ—бһ¶бһҹбһ¶бһўбһ„бҹӢбһӮбҹ’бһӣбҹҒбһҹбһҠбҹ„бһҷ Tyndale бҹЎбҹҘбҹЈбҹҰ,English Bible translation by Tyndale 1536,English Bible translation by Tyndale 1536,text,False,,,,,,,
king_james,King James Bible бҹЎбҹҰбҹЎбҹЎ,King James Bible 1611,King James Bible 1611,text,False,,,,,,,
69weeks3,"бһ–бҹ’бһҡбҹҮвҖӢбһҷбҹҒбһҹбҹҠбһјвҖӢбһ…бһ¶бһ”бҹӢвҖӢбһ•бҹ’бһҠбһҫбһҳвҖӢбһ”бһҳбҹ’бһҡбһҫвҖӢбһ‘бҹ’бһҡбһ„бҹӢ бҹўбҹ© бһӮ.бһҹ. (бһӣбһјбһҖбһ¶ бҹЈ:бҹЎ, бҹўбҹЎ)","Jesus starts his service 29 CE (Luke 3:1, 21)","Jesus starts his service 29 CE (Luke 3:1, 21)",text,False,,,,,,,
ransom,бһ–бһ¶бһҖбҹӢбһҖбһҺбҹ’бһҸбһ¶бһӣбһҹбһ”бҹ’бһҸбһ¶бһ бҹҚ В«бһҖбһ¶бһҡбһӣбҹҮбһ”бһ„бҹӢбһҠбһҫбһҳбҹ’бһ”бһёбһҲбһ”бҹӢВ» бһҠбһ¶бһ“бһёбһҷбҹүбҹӮбһӣ бҹ©:бҹўбҹ§,Middle of week вҖңsacrifice to ceaseвҖқ Daniel 9:27,Middle of week вҖңsacrifice to ceaseвҖқ Daniel 9:27,text,False,,,,,,,
cornelius,бһҖбһјбһ“бҹҒбһӣбһ¶бһҹвҖӢбһ”бһ¶бһ“вҖӢбһ‘бһ‘бһҪбһӣвҖӢбһ”бһ»бһҺбҹ’бһҷвҖӢбһҮбҹ’бһҡбһҳбһ»бһҮвҖӢбһ‘бһ№бһҖвҖӢбһ“бҹ…вҖӢбһ…бһ»бһ„вҖӢбһ”бһүбҹ’бһ…бһ”бҹӢвҖӢбһ“бҹғ бҹ§бҹ  бһҹбһ”бҹ’бһҸбһ¶бһ бҹҚ (бһҠбһ¶бһ“бһёбһҷбҹүбҹӮбһӣ бҹ©:бҹўбҹӨ) бһҖбҹ’бһ“бһ»бһ„вҖӢбһҶбҹ’бһ“бһ¶бҹҶ бҹЈбҹҰбҹ’ бһӮ.бһҹ.,Cornelius baptized at the end of 70 weeks (Daniel 9:24) in 36 C.E.,Cornelius baptized at the end of 70 weeks (Daniel 9:24) in 36 C.E.,text,False,,,,,,,
columbus,бһ…бһ»бһ„бһ”бһүбҹ’бһ…бһ”бҹӢбһ“бҹғбһҹбһҳбҹҗбһҷбһҳбһ»бһ“бһҖбһјбһЎбһ»бҹҶбһ”бҹҠбһёбһ“бҹ…бһўбһ¶бһҳбҹҒбһҡбһ·бһҖ бҹЎбҹӨбҹ©бҹў,End of the pre-columbian period in the Americas 1492,End of the pre-columbian period in the Americas 1492,text,False,,,,,,,
declaration_independence,бһҖбһ¶бһҡбһ”бҹ’бһҡбһҖбһ¶бһҹбһҜбһҖбһҡбһ¶бһҮбҹ’бһҷбһ“бҹғбһўбһ¶бһҺбһ¶бһ“бһ·бһӮбһҳбһ…бҹҶбһ“бһҪбһ“ бҹЎбҹЈбҹ’ бһ“бҹ…бһўбһ¶бһҳбҹҒбһҡбһ·бһҖ бҹЎбҹ§бҹ§бҹҰ,Declaration of independence of 13 colonies in America 1776,Declaration of independence of 13 colonies in America 1776,text,False,,,,,,,
tischendorf,Tischendorf бһҡбһҖбһғбһҫбһү Codex Sinaiticus бһ–бһёбһҹбһҸбһңбһҸбҹ’бһҹбһ‘бһё бҹӨ бһҖбҹ’бһ“бһ»бһ„бһҶбҹ’бһ“бһ¶бҹҶ бҹЎбҹЁбҹӨбҹӨ,Tischendorf discovers the Codex Sinaiticus from the 4th century in 1844,Tischendorf discovers the Codex Sinaiticus from the 4th century in 1844,text,False,,,,,,,
dead_sea_scrolls,бһҡбһҳбһјбһҡбһҹбһҳбһ»бһ‘бҹ’бһҡбһҹбҹ’бһӣбһ¶бһ”бҹӢбһҸбҹ’бһҡбһјбһңбһ”бһ¶бһ“бһҹбһҡбһҹбҹҒбһҡ,Dead Sea Scrolls written,Dead Sea Scrolls written,text,False,,,,,,,
septuagint,Septuagint LXX бһ”бһҖбһ”бҹ’бһҡбҹӮ,Septuagint LXX translated,Septuagint LXX translated,text,False,,,,,,,
watchtower,бһҹбҹҖбһңбһ—бҹ…вҖӢбһҠбҹҶбһ”бһјбһ„вҖӢбһ“бҹғвҖӢВ«вҖӢбһ”бҹүбһҳвҖӢбһҷбһ¶бһҳвҖӢбһҹбҹҠбһёбһҷбҹүбһјбһ“вҖӢбһ“бһ·бһ„вҖӢбһҖбһ¶бһҡвҖӢбһ”бҹ’бһҡбһҖбһ¶бһҹвҖӢбһўбҹҶбһ–бһёвҖӢбһңбһҸбҹ’бһҸбһҳбһ¶бһ“вҖӢбһҡбһ”бһҹбҹӢвҖӢбһ–бҹ’бһҡбҹҮвҖӢбһӮбҹ’бһҡбһёбһҹбҹ’бһ‘В» бһҸбҹ’бһҡбһјбһңвҖӢбһ”бһ¶бһ“вҖӢбһ”бҹ„бҹҮбһ–бһ»бһҳбҹ’бһ–вҖӢбһҖбҹ’бһ“бһ»бһ„вҖӢбһҶбҹ’бһ“бһ¶бҹҶ бҹЎбҹЁбҹ§бҹ©,The first issue of вҖңZionвҖҷs Watch Tower and Herald of ChristвҖҷs PresenceвҖқ is published in 1879,The first issue of вҖңZionвҖҷs Watch Tower and Herald of ChristвҖҷs PresenceвҖқ is published in 1879,text,False,,,,,,,
jehovahs_witnesses,"бһҹбһ·бһҹбҹ’бһҹвҖӢбһӮбһҳбҹ’бһ–бһёбһҡвҖӢбһ”бһ¶бһ“вҖӢбһҷбһҖвҖӢбһҲбҹ’бһҳбҹ„бҹҮвҖӢбһҗбҹ’бһҳбһё бһӮбһәвҖӢбһҹбһ¶бһҖбҹ’бһҹбһёвҖӢбһ–бҹ’бһҡбҹҮвҖӢбһҷбҹҒбһ бһјбһңбҹүбһ¶ (бһўбҹҒбһҹбһ¶бһҷ бҹӨбҹЈ:бҹЎбҹ , бҹЎбҹў) бһ“бҹ…вҖӢбһҖбҹ’бһҡбһ»бһ„вҖӢбһҖбһјбһЎбһ»бҹҶбһ”бһ№бһҹ бһўбһјбһ бҹғбһўбһј бһҶбҹ’бһ“бһ¶бҹҶ бҹЎбҹ©бҹЈбҹЎ","The Bible Students adopt a new name вҖ“ JehovahвҖҷs Witnesses (Isaiah 43:10, 12) in Columbus, Ohio, 1931","The Bible Students adopt a new name вҖ“ JehovahвҖҷs Witnesses (Isaiah 43:10, 12) in Columbus, Ohio, 1931",text,False,,,,,,,
gilead_school,бһҹбһ¶бһӣбһ¶вҖӢбһ–бҹ’бһҡбҹҮбһӮбһҳбҹ’бһ–бһёбһҡвҖӢбһҖбһ¶бһЎбһ¶бһҠвҖӢбһҡбһ”бһҹбҹӢвҖӢбһ”бҹүбһҳбһҷбһ¶бһҳвҖӢбһ”бһ¶бһ“вҖӢбһ…бһ¶бһ”бҹӢвҖӢбһ•бҹ’бһҠбһҫбһҳвҖӢбһ“бҹ…вҖӢбһҗбҹ’бһ„бҹғвҖӢбһ…бҹҗбһ“бҹ’бһ‘ бһ‘бһёвҖӢбҹЎ бһҒбҹӮвҖӢбһҖбһ»бһҳбҹ’бһ—бҹҲ бһҶбҹ’бһ“бһ¶бҹҶвҖӢбҹЎбҹ©бҹӨбҹЈ,"Watchtower Bible School of Gilead begins on Monday, February 1, 1943","Watchtower Bible School of Gilead begins on Monday, February 1, 1943",text,False,,,,,,,
new_world_translation1,В«бһҖбһ¶бһҡвҖӢбһ”бһҖвҖӢбһ”бҹ’бһҡбҹӮвҖӢбһ–бһ·бһ—бһ–вҖӢбһӣбҹ„бһҖвҖӢбһҗбҹ’бһҳбһёвҖӢбһ“бҹғвҖӢбһ”бһ‘вҖӢбһӮбһҳбҹ’бһ–бһёбһҡвҖӢбһ”бһҡбһ·бһҹбһ»бһ‘бҹ’бһ’В» бһҠбҹӮбһӣвҖӢбһ”бһ¶бһ“вҖӢбһ…бҹҒбһүвҖӢбһ•бҹ’бһҹбһ¶бһҷвҖӢбһ“бҹ…вҖӢбһҖбҹ’бһҡбһ»бһ„ Manchester бһ”бҹ’бһҡбһ‘бҹҒбһҹвҖӢбһўбһ„бҹӢбһӮбҹ’бһӣбҹҒбһҹ бһ“бҹ…вҖӢбһҗбҹ’бһ„бҹғвҖӢбһ‘бһёбҹЎбҹЁ бһҒбҹӮвҖӢбһҳбһ·бһҗбһ»бһ“бһ¶ бһҶбҹ’бһ“бһ¶бҹҶвҖӢбҹЎбҹ©бҹҰбҹ  бһ”бһ„бҹ’бһ бһ¶бһүвҖӢбһ–бҹ’бһҡбҹҮвҖӢбһ“бһ¶бһҳвҖӢбһ–бҹ’бһҡбҹҮвҖӢбһҷбҹҒбһ бһјбһңбҹүбһ¶вҖӢбһЎбһҫбһ„вҖӢбһңбһ·бһүвҖӢбһҖбҹ’бһ“бһ»бһ„вҖӢбһ•бҹ’бһ“бҹӮбһҖвҖӢбһҮбһ¶вҖӢбһ…бҹ’бһҡбһҫбһ“вҖӢбһ“бҹғвҖӢбһӮбһҳбҹ’бһ–бһёбһҡбҹ”,"вҖңNew World Translation of the Holy ScripturesвҖқ released in Manchester, England on June 18, 1960, reintroduces the name Jehovah in many parts of the Bible","вҖңNew World Translation of the Holy ScripturesвҖқ released in Manchester, England on June 18, 1960, reintroduces the name Jehovah in many parts of the Bible",text,False,,,,,,,
new_world_translation2,бһ”бһ¶бһ“бһҖбҹӮбһ”бҹ’бһҡбҹӮ В«бһҖбһ¶бһҡбһ”бһҖбһ”бҹ’бһҡбҹӮбһ–бһ·бһ—бһ–бһӣбҹ„бһҖбһҗбҹ’бһҳбһёбһ“бҹғбһ”бһ‘бһӮбһҳбҹ’бһ–бһёбһҡбһ”бһҡбһ·бһҹбһ»бһ‘бҹ’бһ’В» бһҠбҹӮбһӣбһ”бһ¶бһ“бһ…бҹҒбһүбһ•бҹ’бһҹбһ¶бһҷбһ“бҹ…бһҖбҹ’бһ“бһ»бһ„бһҖбһ·бһ…бҹ’бһ…бһ”бҹ’бһҡбһҮбһ»бҹҶбһ”бҹ’бһҡбһ…бһ¶бҹҶбһҶбҹ’бһ“бһ¶бҹҶ бҹўбҹ бҹЎбҹЈ бһҠбҹӮбһӣбһҸбҹ’бһҡбһјбһңбһ”бһ¶бһ“бһҖбҹӮбһӣбһҳбҹ’бһўбһұбҹ’бһҷбһ”бҹ’бһҡбһҫбһҮбһ¶бһҢбһёбһҮбһёбһҗбһӣ бһ“бһ·бһ„бһҸбһ¶бһҳбһўбҹҠбһёбһ“бһ’бһәбһҺбһ·бһҸбҹ”,"Revised вҖңNew World Translation of the Holy ScripturesвҖқ released at annual meeting 2013, optimized to be used digitally and online","Revised вҖңNew World Translation of the Holy ScripturesвҖқ released at annual meeting 2013, optimized to be used digitally and online",text,False,,,,,,,
cold_war,"бһҹбҹ’бһҗбһ¶бһ“бһ—бһ¶бһ–бһ—бһјбһҳбһ·бһҹбһ¶бһҹбҹ’бһҸбҹ’бһҡбһ“бһҷбҹ„бһ”бһ¶бһҷ бһ”бһ¶бһ“бһҠбһ¶бһҖбҹӢбһҹбҹ’бһӣбһ¶бһҖбһҗбһ¶ ""бһҹбһ„бҹ’бһӮбҹ’бһҡбһ¶бһҳбһҸбҹ’бһҡбһҮбһ¶бһҖбҹӢ"" бһҶбҹ’бһ“бһ¶бҹҶ бҹЎбҹ©бҹӨбҹҘ-бҹЎбҹ©бҹ©бҹЎ",Geopolitical situation labeled вҖңCold WarвҖқ 1945-1991,Geopolitical situation labeled вҖңCold WarвҖқ 1945-1991,text,False,,,,,,,
timeline_created,бһ…бһ“бҹ’бһӣбҹ„бҹҮбһ–бҹҒбһӣбһңбҹҒбһӣбһ¶бһ“бҹҒбҹҮбһҸбҹ’бһҡбһјбһңбһ”бһ¶бһ“бһ”бһ„бҹ’бһҖбһҫбһҸбһЎбһҫбһ„бһҖбҹ’бһ“бһ»бһ„бһҶбҹ’бһ“бһ¶бҹҶбҹўбҹ бҹўбҹЈ бһҠбҹӮбһӣбһҮбһ¶бһҶбҹ’бһ“бһ¶бҹҶбһҠбҹӮбһӣбһҳбһ¶бһ“бһўбһ¶бһҖбһ¶бһҹбһ’бһ¶бһҸбһ»бһҖбҹ’бһҸбҹ…бһ”бҹҶбһ•бһ»бһҸбһҖбҹ’бһ“бһ»бһ„бһ”бҹ’бһҡбһңбһҸбҹ’бһҸбһ·бһҹбһ¶бһҹбҹ’бһҸбҹ’бһҡбһҳбһ“бһ»бһҹбҹ’бһҹбһҮбһ¶бһҸбһ· бһҸбһ¶бҹҶбһ„бһ–бһёбҹЎбҹўбҹҘ бҹ бҹ бҹ бһҶбҹ’бһ“бһ¶бҹҶбһҳбһ»бһ“,"This timeline is created in 2023, the hottest year in human history and the last 125,000 years","This timeline is created in 2023, the hottest year in human history and the last 125,000 years",text,False,,,,,,,
codex_sinaiticus,Codex Sinaiticus бһ”бһ¶бһ“бһҹбһҡбһҹбҹҒбһҡ,Codex Sinaiticus written,Codex Sinaiticus written,text,False,,,,,,,
codex_vaticanus,Codex Vaticanus бһ”бһ¶бһ“бһҹбһҡбһҹбҹҒбһҡ,Codex Vaticanus written,Codex Vaticanus written,text,False,,,,,,,
leningrad_codex,Leningrad Codex бһ”бһ¶бһ“бһҹбһҡбһҹбҹҒбһҡбһ“бҹ…бһҖбҹ’бһ“бһ»бһ„ Cairo AD бҹЎбҹ бҹ бҹЁ,Leningrad Codex written in Cairo AD 1008,Leningrad Codex written in Cairo AD 1008,text,False,,,,,,,
john,бһҷбҹүбһјбһ бһ¶бһ“вҖӢбһҹбһҡбһҹбҹҒбһҡ В« бһңбһ·бһңбһҡбһҺбҹҲ В» бһ–бҹҒбһӣвҖӢбһҸбҹ’бһҡбһјбһңвҖӢбһ“бһ·бһҡбһ‘бҹҒбһҹвҖӢбһ“бҹ…вҖӢбһ”бҹүбһ¶бһҸбҹӢбһҳбҹүбһ»бһҹ бҹ©бҹҰ-бҹ©бҹЁ бһӮ.бһҹ.,John writes вҖңrevelationвҖқ while exiled on Patmos 96-98 C.E.,John writes вҖңrevelationвҖқ while exiled on Patmos 96-98 C.E.,text,False,,,,,,,
buddha,бһ–бҹ’бһҡбҹҮбһ–бһ»бһ‘бҹ’бһ’ - бһҹбһҸбҹ’бһҗбһ¶бһ’бһ·бһ”бҹ’бһ”бһ¶бһҷ бһ бҹ’бһӮбҹ„бһҸбһ¶бһҳбҹүбһ¶ бҹҘбҹҰбҹЈ - бҹӨбҹЁбҹЈ бһҳбһ»бһ“вҖӢбһӮ.бһҹ.,The Buddha вҖ“ Siddhartha Gautama c.563-c.483 B.C.E,The Buddha вҖ“ Siddhartha Gautama c.563-c.483 B.C.E,text,False,,,,,,,
buddha2,бһ–бҹ’бһҡбҹҮбһ–бһ»бһ‘бҹ’бһ’вҖӢбһҮбҹҶбһ“бһҪбһҹ бһӮ. бҹӨбҹЁбҹ -бҹӨбҹ бҹ  бһҳбһ»бһ“вҖӢбһӮ.бһҹ.,Buddha alternatively c. 480-400 B.C.E.,Buddha alternatively c. 480-400 B.C.E.,text,False,,,,,,,
mohammed,бһӣбҹ„бһҖ бһҳбҹүбһјбһ бһ¶бҹҶбһҳбҹүбһ¶бһҸбҹӢ бһӮ. бҹҘбҹ§бҹ -бҹҰбҹЈбҹў бһӮ.бһҹ.,Mohammed c. 570-632,Mohammed c. 570-632 C.E.,text,False,,,,,,,
confucius,бһҒбһ»бһ„бһҮбһә c.бҹҘбҹҘбҹЎ-c.бҹӨбҹ§бҹ© бһҳбһ»бһ“вҖӢбһӮ.бһҹ.,Confucius c.551-c.479 B.C.E.,Confucius c.551-c.479 B.C.E.,text,False,,,,,,,
hijrah,бһ бҹҠбһёбһҮбһёбһҡбҹүбһ¶ - бһҠбҹҶбһҺбһҫбһҡ бһҳбҹҒбһҖбһ¶ бһ‘бҹ… бһҳбҹҒбһҢбһёбһҺбһ¶бһҗбҹ’бһ„бҹғбһ‘бһё бҹЎбҹҰ бһҒбҹӮбһҖбһҖбҹ’бһҖбһҠбһ¶бһҶбҹ’бһ“бһ¶бҹҶ бҹҰбҹўбҹў,Hijrah - Journey Mecca to Medina 16 July 622,Hijrah - Journey Mecca to Medina 16 July 622,text,False,,,,,,,
moses_escape,"бҹЎбҹҘбҹҘбҹЈ бһҳбһ»бһ“бһӮ.бһҹ. бһҳбҹүбһјбһҹбҹҒвҖӢбһҸбҹ’бһҡбһјбһңвҖӢбһҡбһҸбҹӢвҖӢбһӮбҹҒбһ…вҖӢбһ–бһёвҖӢбһҹбҹ’бһҡбһ»бһҖвҖӢбһўбҹҒбһҹбҹҠбһёбһ–бҹ’бһ‘ - бһ“бһ·бһҖбҹ’бһҒбһҳбһ“бҹҶ бҹў:бҹЎбҹҘ, бһҖбһ·бһ…бҹ’бһ…бһҖбһ¶бһҡ бҹ§:бҹўбҹЈ","1553 B.C.E. Moses has to escape Egypt вҖ“ Exodus 2:15, Acts 7:23","1553 B.C.E. Moses has to escape Egypt вҖ“ Exodus 2:15, Acts 7:23",text,False,,,,,,,
10plagues,бҹЎбҹҘбҹЎбҹЈ бһҳбһ»бһ“бһӮ.бһҹ. бһўбҹҒбһ бҹ’бһҹбҹҠбһёбһ”бһ‘бһ‘бһҪбһӣбһӮбҹ’бһҡбҹ„бҹҮбһҖбһ¶бһ…бһ…бҹҶбһ“бһҪбһ“бҹЎбҹ ,1513 B.C.E Egypt receives 10 plagues,1513 B.C.E Egypt receives 10 plagues,text,False,,,,,,,
joseph_sold,бһҷбҹүбһјбһҹбҹӮбһ”вҖӢбһ”бһ¶бһ“вҖӢбһӣбһҖбҹӢвҖӢбһҮбһ¶вҖӢбһҒбҹ’бһүбһ»бҹҶвҖӢбһ”бһҳбҹ’бһҡбһҫвҖӢбһ“бҹ…вҖӢбһўбһ¶бһҷбһ» бҹЎбҹ§ бһҶбҹ’бһ“бһ¶бҹҶ вҖ“ бһӣбҹ„бһҖбһ»бһ”бҹ’бһ”бһҸбҹ’бһҸбһ· бҹЈбҹ§:бҹў,Joseph sold as slave at the age of 17 вҖ“ Gen 37:2,Joseph sold as slave at the age of 17 вҖ“ Gen 37:2,text,False,,,,,,,
infliction,бһҖбһ¶бһҡвҖӢбһ’бҹ’бһңбһҫвҖӢбһ”бһ¶бһ” бҹӨбҹ бҹ  бһҶбҹ’бһ“бһ¶бҹҶ (бһҖбһ·бһ…бҹ’бһ…бһҖбһ¶бһҡ бҹ§:бҹҰ) вҖ“ бһўбҹҠбһёбһҹбһҳбҹүбһ¶бһўбҹӮбһӣ бҹЎбҹ©бҹЎбҹЈ бһҳбһ»бһ“вҖӢбһӮ.бһҹ.,400 year infliction (Acts 7:6) вҖ“ Ishmael 1913 B.C.E,400 year infliction (Acts 7:6) вҖ“ Ishmael 1913 B.C.E,text,False,,,,,,,
Alexander,бһўбһ¶бһЎбһ·бһ…бһҹбһ¶бһ“бҹӢбһҢбһәбһҠбҹҸбһўбһҹбҹ’бһ…бһ¶бһҡбҹ’бһҷ (бһҠбһ¶бһ“бһёбһҷбҹүбҹӮбһӣ бҹЎбҹЎ:бҹЈ),Alexander the Great (Daniel 11:3),Alexander the Great (Daniel 11:3),text,False,,,,,,,
persia,"бһҹбҹҠбһёбһҡбһјбһҹбһҠбҹҸбһўбһҹбҹ’бһ…бһ¶бһҡбҹ’бһҷ, бһҒбҹҒбһҳбһ”бҹҠбһёбһҹбҹҠбһјбһҹII, бһҠбһ¶бһҷбһҡбһјбһҹ I бҹӨбҹ©бҹ  бһҳбһ»бһ“вҖӢбһӮ.бһҹ., бһҹбҹҒбһҖбһҹбҹҒбһҹ I бҹӨбҹЁбҹ  бһҳбһ»бһ“вҖӢбһӮ.бһҹ. (бһ”бҹ’бһҸбһёбһҡбһ”бһҹбҹӢ бһўбҹҒбһҹбһ’бһҫбһҡ, бһҠбһ¶бһ“бһёбһҷбҹүбҹӮбһӣ бҹЎбҹЎ:бҹў)","Cyrus the Great, Cambyses II, Darius I 490 BCE, Xerxes I 480 BCE (husband of Esther, Daniel 11:2)","Cyrus the Great, Cambyses II, Darius I 490 BCE, Xerxes I 480 BCE (husband of Esther, Daniel 11:2)",text,False,,,,,,,
king_north,"Seleucus I Nicator (vбҹҘ) Syria бһ‘бҹ… Antiochus III (vбҹЎбҹ ) бһ“бһ·бһ„ Seleucus IV (vбҹЎбҹЁ, бҹЎбҹ©) бһ…бһ»бҹҮбһ‘бҹ… Octavian (vбҹўбҹ ) бһ“бһ·бһ„ Tiberius (vбҹўбҹЎ-бҹўбҹӨ)","Seleucus I Nicator (v5) Syria to Antiochus III (v10) and Seleucus IV (v18, 19) down to Octavian (v20) and Tiberius (v21-24)","Seleucus I Nicator (v5) Syria to Antiochus III (v10) and Seleucus IV (v18, 19) down to Octavian (v20) and Tiberius (v21-24)",text,False,,,,,,,
king_north1,бһҹбҹ’бһҸбҹҒбһ…бһҒбһ¶бһ„бһҮбһҫбһ„,King of the North,King of the North,text,False,,,,,,,
king_south,"Ptolemy I, II, III, IV (vбҹЎбҹЎ, бҹЎбҹў), V (vбҹЎбҹҘ, бҹЎбҹҰ) бһ‘бҹ…бһҖбһ¶бһ“бҹӢбһҹбһҳбһҡбһ—бһјбһҳбһ· Actium бҹЈбҹЎ бһҳбһ»бһ“вҖӢбһӮ.бһҹ.","Ptolemy I, II, III, IV (v11, 12), V (v15, 16) to the battle Actium 31 B.C.E.","Ptolemy I, II, III, IV (v11, 12), V (v15, 16) to the battle Actium 31 B.C.E.",text,False,,,,,,,
king_south1,бһҹбҹ’бһҸбҹҒбһ…бһҒбһ¶бһ„бһҸбҹ’бһ”бһјбһ„,King of the South,King of the South,text,False,,,,,,,
king_south2,бһ…бһҖбҹ’бһҡбһ—бһ–бһўбһ„бҹӢбһӮбҹ’бһӣбҹҒбһҹбһҶбҹ’бһ“бһ¶бҹҶ бҹЎбҹЁбҹ§бҹ  бһҠбҹӮбһӣбһҮбһ¶бһҳбһ бһ¶бһўбҹҶбһҺбһ¶бһ…бһ–бһ·бһ—бһ–бһӣбҹ„бһҖ бһўбһ„бҹӢбһӮбҹ’бһӣбҹҒбһҹ-бһўбһ¶бһҳбҹҒбһҡбһ·бһҖ бһҸбһ¶бҹҶбһ„бһ–бһёбһҶбҹ’бһ“бһ¶бҹҶ бҹЎбҹ©бҹЎбҹӨ,"British Empire 1870, Anglo-American World Power since 1914","British Empire 1870, Anglo-American World Power since 1914",text,False,,,,,,,
king_south3,бһҹбҹ’бһҸбҹҒбһ…бһҒбһ¶бһ„бһҸбҹ’бһ”бһјбһ„,King of the South,King of the South,text,False,,,,,,,
king_north2,"бһ”бҹ’бһҡбһ‘бҹҒбһҹбһўбһ¶бһӣбҹ’бһӣбһәбһҳбҹүбһ„бҹӢбһҮбһ¶бһҳбһҪбһҷбһўбһ’бһ·бһҡбһ¶бһҮ William бҹЎ бҹЎбҹЁбҹ§бҹЎ (vбҹўбҹЁ), бҹЎбҹ©бҹЎбҹӨ (vбҹўбҹ©), бҹЎбҹ©бҹЈбҹҘ (vбҹЈбҹ b), бҹЎбҹ©бҹЈбҹ© (vбҹЈбҹЎa)","Germany with Emperor William I 1871 (v28), 1914 (v29), 1935 (v30b), 1939 (v31a)","Germany with Emperor William I 1871 (v28), 1914 (v29), 1935 (v30b), 1939 (v31a)",text,False,,,,,,,
king_north3,бһҒбһ¶бһ„бһҮбһҫбһ„,North,North,text,False,,,,,,,
king_north4,"бһҹбһ бһ—бһ¶бһ–бһҹбһјбһңбҹҖбһҸ бҹЎбҹ©бҹӨбҹҘ-бҹЎбҹ©бҹ©бҹЎбҹЎ (бһҠбһ¶бһ“бһёбһҷбҹүбҹӮбһӣ бҹЎбҹЎ:бҹЈбҹў-бҹЈбҹ©, бҹӨбҹ b, бҹӨбҹЎ)","Soviet Union 1945-1991 (Daniel 11:32-39, 40b, 41)","Soviet Union 1945-1991 (Daniel 11:32-39, 40b, 41)",text,False,,,,,,,
king_north5,бһ”бҹ’бһҡбһ‘бҹҒбһҹбһҡбһ»бһҹбҹ’бһҹбҹҠбһёбһҸбһ¶бҹҶбһ„бһ–бһёбһҶбҹ’бһ“бһ¶бҹҶ бҹўбҹ бҹЎбҹ§ (wбҹўбҹ  бһ§бһҹбһ—бһ¶),Russia since 2017 (w20 May),Russia since 2017 (w20 May),text,False,,,,,,,
time_of_end,бһңбһҸбҹ’бһҸбһҳбһ¶бһ“вҖӢбһҡбһ”бһҹбҹӢвҖӢбһ–бҹ’бһҡбҹҮвҖӢбһӮбҹ’бһҡбһёбһҹбҹ’бһ‘ бһҖбһ¶бһҡвҖӢбһҹбһ“бҹ’бһ“бһ·бһҠбҹ’бһӢбһ¶бһ“вҖӢбһ“бҹғвҖӢбһҡбһ”бҹҖбһ”вҖӢбһҡбһ”бһ”вҖӢбһ–бһ·бһ—бһ–вҖӢбһӣбҹ„бһҖ (бһҳбҹүбһ¶бһҗбһ¶бһҷ бҹўбҹӨ:бҹЈ) бһӮбҹ’бһҡбһ¶вҖӢбһ…бһ»бһ„вҖӢбһҖбҹ’бһҡбҹ„бһҷвҖӢбһ”бһ„бҹ’бһўбһҹбҹӢ (бҹўбһ’бһёбһҳбҹүбһјбһҗбҹҒ бҹЈ:бҹЎ),"Presence of Christ, Conclusion of the system of things (Matthew 24:3), the last days (2 Timothy 3:1)","Presence of Christ, Conclusion of the system of things (Matthew 24:3), the last days (2 Timothy 3:1)",text,False,,,,,,,
time_of_end2,бһҗбҹ’бһ„бҹғвҖӢбһ…бһ»бһ„бһҖбҹ’бһҡбҹ„бһҷ,Last days,Last days,text,False,,,,,,,
suryavaman2,бһ–бҹ’бһҡбҹҮбһ”бһ¶бһ‘бһҹбһјбһҡбҹ’бһҷбһңбһҡбҹ’бһҳбҹҗбһ“бһ‘бһёбҹў бһҖбһҹбһ¶бһ„бһўбһ„бҹ’бһӮбһҡбһңбһҸбҹ’бһҸ бҹЎбҹЎбҹЎбҹЈ-бҹЎбҹЎбҹҘбҹ ,King Suryavarman II builds Angkor Wat 1113-1150,King Suryavarman II builds Angkor Wat 1113-1150,text,False,,,,,,,
notre-dame,бһҺбһјбһҸбҹ’бһҡбҹҒ-бһҠбһ¶бһҳ бһ”бҹүбһ¶бһҡбһёбһҹ бһ”бһ¶бһ“бһҹбһ¶бһ„бһҹбһ„бҹӢбһ“бҹ…бһҶбҹ’бһ“бһ¶бҹҶ бҹЎбҹЎбҹҰбҹЈ-бҹЎбҹўбҹҰбҹ ,Notre-Dame de Paris built 1163-1260,Notre-Dame de Paris built 1163-1260,text,False,,,,,,,
babel,бһ”бҹүбһҳ бһ”бһ¶бһ”бһ·бһӣ бһҸбҹ’бһҡбһјбһңбһ”бһ¶бһ“бһҹбһ¶бһ„бһҹбһ„бҹӢ,Tower of Babel built,Tower of Babel built,text,False,,,,,,,
infliction1,бҹӨбҹ бҹ бһҶбҹ’бһ“бһ¶бҹҶ бһ“бҹ…бһҖбҹ’бһ“бһ»бһ„бһҖбһ¶бһҡбһ…бһҳбҹ’бһӣбһ„,400 year infliction,400 year infliction,text,False,,,,,,,
Lots_wife,бһ”бҹ’бһҡбһ–бһ“бҹ’бһ’бһҡбһ”бһҹбҹӢбһЎбһ»бһҸ,LotвҖҷs wife,LotвҖҷs wife,text,False,,,,,,,
Lots_daughters,бһҖбһјбһ“вҖӢбһҹбҹ’бһҡбһёвҖӢбһҡбһ”бһҹбҹӢвҖӢбһЎбһ»бһҸ,Daughters of Lot,Daughters of Lot,text,False,,,,,,,
Moab,вҖӢбһҳбҹүбһјбһўбһ¶бһ”бҹӢ (бһҖбһјбһ“бһҹбҹ’бһҡбһёбһ…бҹ’бһ”бһ„),Moab (older daughter),Moab (older daughter),text,False,,,,,,,
rosetta,бһҗбҹ’бһҳ бһҡбҹүбһјбһҹбҹҒбһҸбһ¶ бҹЎбҹ©бҹҰ бһҳбһ»бһ“бһӮ.,Rosetta stone 196 B.C.E.,Rosetta stone 196 B.C.E.,text,False,,,,,,,
Herodotus,"бһ бҹҒбһҡбҹүбһјбһҠбһјбһҸбһ»бһҹ бһӮ. бҹӨбҹЁбҹӨ вҖ“ бһӮ. бҹӨбҹўбҹҘ бһҳбһ»бһ“бһӮ.бһҹ бһҹбһҡбһҹбҹҒбһҡ ""бһ”бҹ’бһҡбһңбһҸбҹ’бһҸбһ·бһҹбһ¶бһҹбҹ’бһҸбҹ’бһҡ""","Herodotus c. 484 вҖ“ c. 425 BC, writes The Histories","Herodotus c. 484 вҖ“ c. 425 BC, writes The Histories",text,False,,,,,,,
Aristotle,бһўбһ¶бһҡбһёбһҹбҹ’бһҸбһјбһҸ бҹЈбҹЁбҹӨ-бҹЈбҹўбҹў бһҳбһ»бһ“бһӮ,Aristotle 384 вҖ“ 322 BC,Aristotle 384 вҖ“ 322 BC,text,False,,,,,,,
Ptolemy,бһҸбһјбһӣбҹҒбһҳбһё бҹЎбҹ бҹ  - бһӮбҹ” бҹЎбҹ§бҹ  бһӮ.бһҹ.,Ptolemy c 100 вҖ“ c. 170 C.E.,Ptolemy c 100 вҖ“ c. 170 C.E.,text,False,,,,,,,
Pythagoras,бһ—бһёбһҗбһ¶бһ бҹ’бһӮбҹ„бһҡбҹүбһ¶бһҹ бһӮ. бҹҘбҹ§бҹ  вҖ“ бһӮ. бҹӨбҹ©бҹҘ бһҳбһ»бһ“бһӮ,Pythagoras c. 570 вҖ“ c. 495 BC,Pythagoras c. 570 вҖ“ c. 495 BC,text,False,,,,,,,
Plato,бһ•бҹ’бһӣбһ¶бһҸбһј бһӮ. бҹӨбҹўбҹ§ вҖ“ бһӮ. бҹЈбҹӨбҹЁ бһҳбһ»бһ“бһӮ,Plato c. 427 вҖ“ c. 348 BC,Plato c. 427 вҖ“ c. 348 BC,text,False,,,,,,,
Socrates,бһҹбһјбһҖбҹ’бһҡбһ¶бһҸ бһӮ. бҹӨбҹ§бҹ  вҖ“ бһӮ. бҹЈбҹ©бҹ© бһҳбһ»бһ“бһӮ,Socrates c. 470 вҖ“ c. 399 BC,Socrates c. 470 вҖ“ c. 399 BC,text,False,,,,,,,
Josephus,бһҷбҹүбһјбһҹбҹӮбһ” бһӮ. бҹЈбҹ§ вҖ“ бһӮ. бҹЎбҹ бҹ бһӮ.бһҹ.,Josephus c. 37 вҖ“ c. 100 C.E.,Josephus c. 37 вҖ“ c. 100 C.E.,text,False,,,,,,,
Cicero,бһҹбҹҠбһёбһҹбҹҒбһҡбҹүбһј бҹЎбҹ бҹҰ-бҹӨбҹЈ бһҳбһ»бһ“бһӮ,Cicero 106вҖ“43 BC,Cicero 106вҖ“43 BC,text,False,,,,,,,
lachish_letters,бһўбһҖбҹ’бһҹбһҡбһЎбһ¶бһ…бһҹбҹҠбһёбһҹ бһӮ. бҹҘбҹ©бҹ  бһҳбһ»бһ“бһӮ.бһҹ.,Lachish letters c. 590 B.C.E.,Lachish letters c. 590 B.C.E.,text,False,,,,,,,
lachish_reliefs,бһҖбһ¶бһҡбһ’бһјбһҡбһҹбҹ’бһ”бһҫбһҷ бһҖбҹ’бһҡбһ»бһ„бһЎбһ¶бһӮбһёбһҹ бһӮ. бҹҰбҹЁбҹЎ бһҳбһ»бһ“бһӮ.бһҹ.,Lachish reliefs c. 681 B.C.E.,Lachish reliefs c. 681 B.C.E.,text,False,,,,,,,
mesha_stele,бһҳбҹҒбһҹбһ¶ бһҹбҹ’бһ‘бһёбһӣ (бһҗбҹ’бһҳ бһ–бһҪбһҖбһҳбҹүбһјбһўбһ¶бһ”бҹӢ) бһӮ. бҹЁбҹӨбҹ  бһҳбһ»бһ“бһӮ.бһҹ.,Mesha Stele (Moabite stone) c. 840 B.C.E.,Mesha Stele (Moabite stone) c. 840 B.C.E.,text,False,,,,,,,
gilgamesh,Gilgamesh and Aga р’ҮҪр’ҶҘр’„„р’ҖҖр’Җқр’Ӯө,Gilgamesh and Aga р’ҮҪр’ҶҘр’„„р’ҖҖр’Җқр’Ӯө,Gilgamesh and Aga р’ҮҪр’ҶҘр’„„р’ҖҖр’Җқр’Ӯө,text,False,,,,,,,
epic_gilgamesh,бһңбһёбһҡбһ—бһ¶бһ–бһ“бҹғ бһ бҹ’бһӮбһёбһ бҹ’бһӮбһ¶бһҳбҹҒбһҹ (SГ®n-lД“qi-unninni),Epic of Gilgamesh (SГ®n-lД“qi-unninni),Epic of Gilgamesh (SГ®n-lД“qi-unninni),text,False,,,,,,,
gregorian,бһ”бҹ’бһҡбһҸбһ·бһ‘бһ·бһ“бһ бҹ’бһӮбҹ’бһҡбҹҒбһ бҹ’бһӮбҹ„бһҡбҹҖбһ“ бҹЎбҹҘбҹЁбҹў,Gregorian calendar 1582,Gregorian calendar 1582,text,False,,,,,,,
shang-dynasty,бһӮ. бҹЎбҹҰбҹ бҹ -бҹЎбҹ бҹӨбҹҰ бһҳбһ»бһ“бһӮ.бһҹ,c. 1600-1046 BC,c. 1600-1046 BC,text,False,,,,,,,
western-zhou,бһӮ. бҹЎбҹ бҹӨбҹҰ-бҹ§бҹ§бҹЎ бһҳбһ»бһ“бһӮ.бһҹ,c. 1046-771 BC,c. 1046-771 BC,text,False,,,,,,,
qin-dynasty,бһҲбһёбһ“ бҹўбҹўбҹЎ-бҹўбҹ бҹ§ бһҳбһ»бһ“бһӮ,Qin 221-207 BC,Qin 221-207 BC,text,False,,,,,,,
western-han,бҹўбҹ бҹ§ бһҳбһ»бһ“бһӮ.бһҹ вҖ“ бҹ© бһӮ.бһҹ,207 BC вҖ“ 9 CE,207 BC вҖ“ 9 CE,text,False,,,,,,,
three-kingdoms,бһ“бһӮбһҡбһ”бһё бҹўбҹўбҹ -бҹўбҹЁбҹ  бһӮ.бһҹ,Three kingdoms 220-280 CE,Three kingdoms 220-280 CE,text,False,,,,,,,
sixteen-kingdoms,бһ“бһӮбһҡбһҠбһ”бҹӢбһ”бҹ’бһҡбһ¶бҹҶбһҳбһҪбһҷ бҹЈбҹ бҹӨ-бҹӨбҹЈбҹ© бһӮ.бһҹ,Sixteen kingdoms 304-439 CE,Sixteen kingdoms 304-439 CE,text,False,,,,,,,
tang-dynasty2,"бҹҰбҹЎбҹЁ-бҹҰбҹ©бҹ , бҹ§бҹ бҹҘ-бҹ©бҹ бҹ§","618-690, 705-907","618-690, 705-907",text,False,,,,,,,
wu-zhou,бҹҰбҹ©бҹ -бҹ§бҹ бҹҘ Wu Zhou,690-705 Wu Zhou,690-705 Wu Zhou,text,False,,,,,,,
tang-dynasty1_c,бһҸбһ¶бҹҶбһ„,Tang,Tang,text,False,,,,,,,
gonghe,бһҡбһ¶бһҮбһңбһ„бҹ’бһҹбһ бҹ’бһӮбһ»бһ“бһ бҹҒ бҹЁбҹӨбҹЎ-бҹЁбҹўбҹЁ бһҳбһ»бһ“бһӮ.бһҹ,Gonghe Regency 841-828 BC,Gonghe Regency 841-828 BC,text,False,,,,,,,
Ashoka,бһўбһҹбҹ„бһҖ (бһ”бҹ’бһҡбһ бҹӮбһӣ бҹЈбҹ бҹӨ-бҹўбҹЈбҹў бһҳбһ»бһ“бһӮ.бһҹ) бһ•бҹ’бһҹбһ–бҹ’бһңбһ•бҹ’бһҹбһ¶бһҷбһҹбһ¶бһҹбһ“бһ¶бһ–бҹ’бһҡбҹҮбһ–бһ»бһ‘бҹ’бһ’,Ashoka (c. 304-232 BC) promotes Buddhism,Ashoka (c. 304-232 BC) promotes Buddhism,text,False,,,,,,,
siloam-tunnel,бһ бҹҒбһҹбҹҒбһӮбһ¶бһ–бһ„бҹ’бһҡбһёбһҖбһ•бҹ’бһӣбһјбһңбһҡбһјбһ„бһҖбҹ’бһҡбҹ„бһҳбһҠбһёбһҹбҹҠбһёбһЎбһјбһўбһ¶бһҳ,Hezekiah extends Siloam tunnel,Hezekiah extends Siloam tunnel,text,False,,,,,,,
Angloamerica2,"бһўбһ„бҹӢбһӮбҹ’бһӣбҹҒбһҹвҖӢбһўбһ¶бһҳбҹүбҹҒбһҡбһ·бһҖ бһҸбҹ’бһҡбһјбһңвҖӢбһ”бһ¶бһ“вҖӢбһҸбҹҶбһҺбһ¶бһ„вҖӢбһҠбҹ„бһҷвҖӢбһҮбһҫбһ„вҖӢбһҠбҹӮбһҖвҖӢбһӣбһ¶бһҷвҖӢбһ“бһ№бһ„вҖӢбһҠбһёбһҘбһҠбҹ’бһӢ бһ“бҹ…вҖӢбһҖбҹ’бһ“бһ»бһ„вҖӢбһ‘бҹҶбһ“бһ¶бһҷвҖӢбһ“бҹ…вҖӢбһҖбҹ’бһ“бһ»бһ„ бһҠбһ¶бһ“бһёбһҷбҹүбҹӮбһӣ бҹў:бҹЈбҹЈ, бҹӨбҹЎ-бҹӨбҹЈбҹ”","Anglo-American is symbolized by the feet of iron mixed with clay in the prophecy in Daniel 2:33, 41-43","Anglo-American is symbolized by the feet of iron mixed with clay in the prophecy in Daniel 2:33, 41-43",text,False,,,,,,,
Manetho,бһҳбҹүбһ¶бһҺбҹҒбһҸбһј бһҹбһҡбһҹбҹҒбһҡ бһўбҹҒбһ бҹ’бһҹбҹҠбһёбһ”,Manetho writes Aegyptiaca,Manetho writes Aegyptiaca,text,False,,,,,,,
destruction_babylon,"бһҖбһ¶бһҡвҖӢбһ”бҹҶбһ•бҹ’бһӣбһ¶бһүвҖӢбһ”бһ¶бһ”бҹҠбһёбһЎбһјбһ“вҖӢбһҠбҹҸвҖӢбһўбһҹбҹ’бһ…бһ¶бһҡбҹ’бһҷ (бһңбһ·бһңбһҡбһҺбҹҲ бҹЎбҹ§:бҹЈ, бҹЎбҹҘвҖӢ-вҖӢбҹЎбҹЁ; бҹЎбҹЁ:бҹ©, бҹЎбҹ )","Destruction of Babylon the Great (Revelation 17:3, 15-18; 18:9, 10)","Destruction of Babylon the Great (Revelation 17:3, 15-18; 18:9, 10)",text,False,,,,,,,
gog_of_magog,"бһҖбһ¶бһҡвҖӢбһңбһ¶бһҷвҖӢбһ”бҹ’бһҡбһ бһ¶бһҡвҖӢбһҡбһ”бһҹбҹӢвҖӢбһҖбһ»бһҖвҖӢбһ“бҹғвҖӢбһҹбҹ’бһҡбһ»бһҖвҖӢбһҳбҹүбһ¶бһҖбһјбһҖ (бһўбҹҒбһҹбҹҒбһӮбһ¶бһӣ бҹЈбҹЁ:бҹЎ, бҹў, бҹ©-бҹЎбҹў, бҹЎбҹЁ-бҹўбҹЈ)","Attack of Gog of Magog (Ezekiel 38:1, 2, 9-12, 18-23)","Attack of Gog of Magog (Ezekiel 38:1, 2, 9-12, 18-23)",text,False,,,,,,,
sheep_goat,бһўбҹ’бһ“бһҖвҖӢбһ“бҹ…вҖӢбһӣбһҫвҖӢбһ•бҹӮбһ“бһҠбһёвҖӢбһ“бһ№бһ„вҖӢбһҸбҹ’бһҡбһјбһңвҖӢбһҖбһ¶бһҸбҹӢвҖӢбһ‘бҹ„бһҹ бһҠбҹ„бһҷвҖӢбһүбҹӮбһҖвҖӢбһ…бҹҖбһҳ бһ“бһ·бһ„вҖӢбһ–бһ–бҹӮ (бһҳбҹүбһ¶бһҗбһ¶бһҷ бҹўбҹҘ:бҹЈбҹЎ-бҹЈбҹЈ),"EarthвҖҷs inhabitants are judged, separating sheep and goats (Matthew 25:31-33)","EarthвҖҷs inhabitants are judged, separating sheep and goats (Matthew 25:31-33)",text,False,,,,,,,
annointed,бһҖбһ¶бһҡвҖӢбһ”бҹ’бһҡбһҳбһјбһӣвҖӢбһўбҹ’бһ“бһҖвҖӢбһӮбҹ’бһҡбһ”бҹӢвҖӢбһӮбҹ’бһҡбһ„вҖӢбһҡбһ¶бһҮбһ¶бһҺбһ¶бһ…бһҖбҹ’бһҡ (бһҳбҹүбһ¶бһҗбһ¶бһҷ бҹўбҹӨ:бҹЈбҹЎ; бһҖбһјбһҡбһ·бһ“бһҗбһјбһҹбһ‘бһёбҹЎ бҹЎбҹҘ:бҹҘбҹ -бҹҘбҹЈ; бһҗбҹӮбһҹбҹ’бһҹбһ¶бһЎбһјбһ“бһёбһ…бһ‘бһёбҹЎ бҹӨ:бҹЎбҹҘ-бҹЎбҹ§),Gathering of Kingdom rulers (Matthew 24:31; 1 Corinthians 15:50-53; 1 Thessalonians 4:15-17),Gathering of Kingdom rulers (Matthew 24:31; 1 Corinthians 15:50-53; 1 Thessalonians 4:15-17),text,False,,,,,,,
armageddon,"бһҹбһҳбһҡбһ—бһјбһҳбһ·бһўбһҫбһҳбҹүбһ¶бһӮбҹҒбһҠбһјбһ“ (бһңбһ·бһңбһҡбһҺбҹҲ бҹЎбҹҰ:бҹЎбҹӨ, бҹЎбҹҰ; бһўбҹҒбһҹбһ¶бһҷ бҹЎбҹЈ:бҹ©; бһ–бҹҒбһҸбҹ’бһҡбһ»бһҹбһ‘бһёбҹў бҹЈ:бҹЎбҹў)","Battle of Armageddon (Revelation 16:14, 16; Isaiah 13:9; 2 Peter 3:12)","Battle of Armageddon (Revelation 16:14, 16; Isaiah 13:9; 2 Peter 3:12)",text,False,,,,,,,
millenium,"бһҡбһ¶бһҮбһ¶бһҺбһ¶бһ…бһҖбҹ’бһҡвҖӢбһҡбһ”бһҹбҹӢвҖӢбһ–бҹ’бһҡбҹҮвҖӢбһ…бһ¶бһ”бҹӢвҖӢбһ•бҹ’бһҠбһҫбһҳвҖӢбһҡбһҮбҹ’бһҮбһҖбһ¶бһӣвҖӢбҹЎбҹ бҹ бҹ вҖӢбһҶбҹ’бһ“бһ¶бҹҶ (бһңбһ·бһңбһҡбһҺбҹҲ бҹҘ:бҹ©, бҹЎбҹ ; бҹўбҹ :бҹӨ, бҹҰ)","GodвҖҷs Kingdom begins its 1000-year reign (Revelation 5:9, 10; 20:4, 6)","GodвҖҷs Kingdom begins its 1000-year reign (Revelation 5:9, 10; 20:4, 6)",text,False,,,,,,,
great_crowd,"бһҳбһ“бһ»бһҹбҹ’бһҹвҖӢбһҳбһҪбһҷвҖӢбһ бҹ’бһңбһјбһ„вҖӢбһҷбҹүбһ¶бһ„вҖӢбһ’бҹҶвҖӢбһ”бһ¶бһ“вҖӢбһҡбһҪбһ…вҖӢбһҮбһёбһңбһ·бһҸвҖӢбһ–бһёвҖӢбһўбһҫбһҳбҹүбһ¶бһӮбҹҒбһҠбһјбһ“ (бһңбһ·бһңбһҡбһҺбҹҲ бҹ§:бҹ©, бҹЎбҹӨ; бһ‘бҹҶбһ“бһ»бһҖбһҸбһҳбҹ’бһҖбһҫбһ„ бҹЈбҹ§:бҹ©вҖӢ-вҖӢбҹЎбҹЎ)","A great crowd survives Armageddon (Revelation 7:9, 14; Psalm 37:9-11)","A great crowd survives Armageddon (Revelation 7:9, 14; Psalm 37:9-11)",text,False,,,,,,,
world_population,бһ…бҹҶбһ“бһҪбһ“бһ”бҹ’бһҡбһҮбһ¶бһҮбһ“бһ–бһ·бһ—бһ–бһӣбҹ„бһҖбһҡбһ¶бһ”бҹӢбһ–бһ¶бһ“бҹӢбһӣбһ¶бһ“бһҖбҹ’бһ“бһ»бһ„бһҡбһҷбҹҲбһ–бҹҒбһӣ бҹўбҹ бҹ бҹ  бһҶбҹ’бһ“бһ¶бҹҶбһ…бһ»бһ„бһҖбҹ’бһҡбҹ„бһҷбһ“бҹҒбҹҮбҹ”,World population in billions in the last 2000 years,World population in billions in the last 2000 years,text,False,,,,,,,
khmer_empire_c,бһўбһ¶бһҺбһ¶бһ…бһҖбҹ’бһҡбһҒбҹ’бһҳбҹӮбһҡ - бһҹбһҳбҹҗбһҷбһўбһ„бҹ’бһӮбһҡ,Khmer Empire - Angkor period,Khmer Empire - Angkor period,text,False,,,,,,,
holy_roman_empire_c,бһ…бһҖбҹ’бһҡбһ—бһ–бһҡбҹүбһјбһҳбҹүбһ¶бҹҶбһ„бһ”бһҡбһ·бһҹбһ»бһ‘бҹ’бһ’ - бһ”бһ“бҹ’бһ‘бһ¶бһ”бҹӢбһ–бһёбһҶбҹ’бһ“бһ¶бҹҶ бҹЎбҹҘбҹЎбҹў бһ…бһҖбҹ’бһҡбһ—бһ–бһҡбҹүбһјбһҳбһ”бһҡбһ·бһҹбһ»бһ‘бҹ’бһ’бһ“бҹғбһ”бҹ’бһҡбһҮбһ¶бһҮбһ¶бһҸбһ·бһўбһ¶бһӣбҹ’бһӣбһәбһҳбҹүбһ„бҹӢ,Holy Roman Empire вҖ“ known as Holy Roman Empire of the German Nation after 1512,Holy Roman Empire вҖ“ known as Holy Roman Empire of the German Nation after 1512,text,False,,,,,,,
mongol_empire,бһ…бһҖбҹ’бһҡбһ—бһ–бһҳбҹүбһ»бһ„бһ бҹ’бһӮбҹ„бһӣ бҹЎбҹўбҹ бҹҰ - бҹЎбҹўбҹ©бҹӨ бһӮ.,Mongol Empire 1206 вҖ“ 1294,Mongol Empire 1206 вҖ“ 1294 C.E.,text,False,,,,,,,
maya_classic_c,бһўбһҡбһ·бһҷбһ’бһҳбҹҢбһҳбҹүбһ¶бһҷбҹүбһ¶ - бһҹбһҳбҹҗбһҷбһ”бһ»бһҡбһ¶бһҺ,Maya civilization вҖ“ Classic period,Maya civilization вҖ“ Classic period,text,False,,,,,,,
maya_postclassic_c,бһўбһҡбһ·бһҷбһ’бһҳбҹҢбһҳбҹүбһ¶бһҷбҹүбһ¶ - бһҹбһҳбҹҗбһҷбһҖбҹ’бһҡбҹ„бһҷбһ”бһ»бһҡбһ¶бһҺ,Maya civilization вҖ“ Postclassic period,Maya civilization вҖ“ Postclassic period,text,False,,,,,,,
Teotihuacan,бһ‘бһёбһҖбҹ’бһҡбһ»бһ„бһ’бҹҶбһҮбһ¶бһ„бһӮбҹҒбһ“бҹ…бһўбһ¶бһҳбҹҒбһҡбһ·бһҖ бһ–бһёбһҡбҹүбһ¶бһҳбһёбһҸбһҹбһ¶бһ„бһҹбһ„бҹӢ бһӮ. бҹўбҹ бҹ  бһӮ.бһҹ.,"Largest city in the Americas, pyramids build c. 200 C.E.","Largest city in the Americas, pyramids build c. 200 C.E.",text,False,,,,,,,
Dionysius_Exiguus,бһҢбһёбһўбһјбһ“бһёбһҹбҹҠбһёбһҹ бһҸбһ·бһ…бһҸбһҪбһ… бһўбҹ’бһ“бһҖбһ”бһ„бҹ’бһҖбһҫбһҸ бһўбһ¶бһҺбһј бһҠбһјбһҳбһёбһ“бһё,"Dionysius Exiguus, inventor of Anno Domini","Dionysius Exiguus, inventor of Anno Domini",text,False,,,,,,,
Umayyad_c,бһўбҹҠбһјбһҳбҹүбһ¶бһҷбҹүбһ¶бһҸ,Umayyad,Umayyad,text,False,,,,,,,
ur3,Ur III dynasty р’ӢҖр’Җ•р’Ҷ ,Ur III Dynasty р’ӢҖр’Җ•р’Ҷ ,Ur III Dynasty р’ӢҖр’Җ•р’Ҷ ,text,False,,,,,,,
hammurabi,Hammurabi р’„©р’„ р’Ҳ¬р’ҠҸр’Ғү,Hammurabi р’„©р’„ р’Ҳ¬р’ҠҸр’Ғү,Hammurabi р’„©р’„ р’Ҳ¬р’ҠҸр’Ғү,text,False,,,,,,,
Al-Khwarizmi,бһўбһ¶бһӣбҹӢ-бһғбһңбҹүбһ¶бһҡбһёбһҹбһҳбһё бһҹбһҡбһҹбҹҒбһҡ Al-Jabr (бһ–бһ·бһҮбһӮбһҺбһ·бһҸ),al-Khwarizmi writes Al-Jabr (Algebra),al-Khwarizmi writes Al-Jabr (Algebra),text,False,,,,,,,
al-azhar,бһҹбһ¶бһҖбһӣбһңбһ·бһ‘бҹ’бһҷбһ¶бһӣбҹҗбһҷ бһўбһ¶бһӣбҹӢбһўбһ¶бһ бҹ’бһҹбһ¶ бһҸбҹ’бһҡбһјбһңбһ”бһ¶бһ“бһ”бһ„бҹ’бһҖбһҫбһҸбһЎбһҫбһ„бһ“бҹ…бһ‘бһёбһҖбҹ’бһҡбһ»бһ„бһӮбҹӮбһҡ,Al-Azhar University is established in Cairo,Al-Azhar University is established in Cairo,text,False,,,,,,,
Ibn-Sina,бһўбҹҠбһёбһ”бҹҠбһёбһ“бһҹбҹҠбһёбһҺбһ¶ бһ¬ бһўбһ¶бһңбһёбһҹбҹҒбһҺбһ¶,Ibn Sina or Avicenna,Ibn Sina or Avicenna,text,False,,,,,,,
life-expectancy,бһўбһ¶бһҷбһ»бһҖбһ¶бһӣбһҳбһ’бҹ’бһҷбһҳ 75 бһҶбҹ’бһ“бһ¶бҹҶ,Life expectancy 75 years,Life expectancy 75 years,text,False,,,,,,,
430years_c,"430 бһҶбҹ’бһ“бһ¶бҹҶ: бһ“бһ·бһҖбҹ’бһҒбһҳбһ“бҹҶ 12:41, бһҖбһ¶бһЎбһ¶бһ‘бһё 3:17","430 years: Exodus 12:41, Galatians 3:17","430 years: Exodus 12:41, Galatians 3:17",text,False,,,,,,,
maya_calendar,бһӮбһҺбһ“бһ¶бһҖбһ¶бһҡбһ…бһ¶бһ”бҹӢбһ•бҹ’бһҸбһҫбһҳбһ“бҹғбһ”бҹ’бһҡбһҸбһ·бһ‘бһ·бһ“ MAMA бһҗбҹ’бһ„бҹғбһ‘бһё 11 бһҒбҹӮбһҹбһёбһ бһ¶бһҶбҹ’бһ“бһ¶бҹҶ 31114 B.C.E.,"Calculated beginning of Maya calendar August 11, 3114 B.C.E.","Calculated beginning of Maya calendar August 11, 3114 B.C.E.",text,False,,,,,,,
xia-dynasty2,бһӮбҹ” 2070 - бһӮбҹ” 1600 бһҳбһ»бһ“бһӮбҹ” бһҹбҹ” бһҹбһҳбҹҗбһҷбһҠбҹҶбһ”бһјбһ„бһҸбҹ’бһҡбһјбһңбһ”бһ¶бһ“бһҹбҹҶбһҠбҹ…бһҖбҹ’бһ“бһ»бһ„бһҖбҹҶбһЎбһ»бһ„бһ–бҹҒбһӣбһ…бһјбһңбһҒбһ¶бһ„бһӣбһ·бһ…,c. 2070 вҖ“ c. 1600 BC; Era first alluded during the Western Zhou period,c. 2070 вҖ“ c. 1600 BC; Era first alluded during the Western Zhou period,text,False,,,,,,,
xia-dynasty2_c,бһҡбһ¶бһҮбһңбһ„бҹ’бһҹбһҹбҹҠбһёбһҹбҹҠбһёбһ“бҹ…бһ”бҹ’бһҡбһ‘бҹҒбһҹбһ…бһ·бһ“,Xia dynasty in China,Xia dynasty in China,text,False,,,,,,,
tres_zapotes,"бһҗбҹ’бһ„бҹғбһ‘бһё 3 бһҒбҹӮбһҖбһүбҹ’бһүбһ¶, 32 b.c.e.","September 3rd, 32 B.C.E.","September 3rd, 32 B.C.E.",text,False,,,,,,,
joseph_jacob_reunited,бһҷбҹүбһјбһҹбҹӮбһ”бһ“бһ·бһ„бһҷбҹүбһ¶бһҖбһ»бһ”бһ”бһ¶бһ“бһҮбһҪбһ”бһӮбҹ’бһ“бһ¶бһ“бҹ…бһҹбҹ’бһҡбһ»бһҖбһўбҹҒбһҹбҹҠбһёбһ” - 1728 B.C.E. (бһӣбҹ„бһҖбһ»бһ”бҹ’бһ”бһҸбҹ’бһҸбһ· 45:11; 47: 9),Joseph and Jacob reunited in Egypt вҖ“ 1728 B.C.E. (Gen 45:11; 47:9),Joseph and Jacob reunited in Egypt вҖ“ 1728 B.C.E. (Gen 45:11; 47:9),text,False,,,,,,,
king_south_light_c,бһҹбҹ’бһҸбҹҒбһ…бһҒбһ¶бһ„бһҸбҹ’бһ”бһјбһ„бһ…бһ¶бһ”бҹӢбһ–бһёбһҠбһ¶бһ“бһёбһҷбҹүбҹӮбһӣ 11,King of the South from Daniel 11,King of the South from Daniel 11,text,False,,,,,,,
king_north_light_c,бһҹбҹ’бһҸбҹҒбһ…бһҒбһ¶бһ„бһҮбһҫбһ„бһ–бһёбһҠбһ¶бһ“бһёбһҷбҹүбҹӮбһӣ 11,King of the North from Daniel 11,King of the North from Daniel 11,text,False,,,,,,,
daniel2_iron_c,бһҮбһҫбһ„бһҠбҹӮбһҖбһ–бһёбһҠбһ¶бһ“бһёбһҷбҹүбҹӮбһӣ 2,Iron legs from Daniel 2,Iron legs from Daniel 2,text,False,,,,,,,
argenteus,Codex Argenteus бһӮ. бҹҘбҹ бҹҘ,Codex Argenteus c. 505,Codex Argenteus c. 505,text,False,,,,,,,
nguyen_dynasty_c,бһ„бҹ’бһңбҹҖбһ“,Nguyб»…n,Nguyб»…n,text,False,,,,,,,
edo_c,бһҹбһҳбҹҗбһҷ Edo бһ“бҹ…бһ”бҹ’бһҡбһ‘бҹҒбһҹбһҮбһ”бҹүбһ»бһ“,Edo period in Japan,Edo period in Japan,text,False,,,,,,,
meiji_c,бһҳбҹүбһёбһҮбһё,Meiji,Meiji,text,False,,,,,,,
american_civil_war,бһҹбһ„бҹ’бһӮбҹ’бһҡбһ¶бһҳбһҹбҹҠбһёбһңбһ·бһӣбһўбһ¶бһҳбҹҒбһҡбһ·бһҖ 1861-1865,American Civil War 1861-1865,American Civil War 1861-1865,text,False,,,,,,,
aleppo_codex,бһўбһ¶бһЎбһ·бһ”бһ”бҹүбһј Codex бһӮ. бҹ©бҹўбҹ ,Aleppo Codex c. 920,Aleppo Codex c. 920,text,False,,,,,,,
vandals,бһ–бҹ’бһҡбҹҮбһҡбһ¶бһҮбһ¶бһҺбһ¶бһ…бһҖбҹ’бһҡ Vandals бһ“бһ·бһ„ Alans 435 - 534,Kingdom of the Vandals and Alans 435 вҖ“ 534,Kingdom of the Vandals and Alans 435 вҖ“ 534 C.E.,text,False,,,,,,,
francia,бһӮ. 481/509 вҖ“ 843 Merovingian бһҡбһ бһјбһҸбһҠбһӣбҹӢ 751 бһ”бһ“бҹ’бһ‘бһ¶бһ”бҹӢбһҳбһҖ Carolingian,"c. 481/509 вҖ“ 843, Merovingian till 751, then Carolingian","c. 481/509 вҖ“ 843 C.E., Merovingian till 751, then Carolingian",text,False,,,,,,,
francia_c,бһ–бҹ’бһҡбҹҮбһҡбһ¶бһҮбһ¶бһҺбһ¶бһ…бһҖбҹ’бһҡ Franks,Kingdom of the Franks,Kingdom of the Franks,text,False,,,,,,,
100_years_war,бһҹбһ„бҹ’бһӮбҹ’бһҡбһ¶бһҳбһҡбһҷбһҶбҹ’бһ“бһ¶бҹҶ бҹЎбҹЈбҹЈбҹ§-бҹЎбҹӨбҹҘбҹЈ,Hundred YearsвҖҷ War 1337 вҖ“ 1453,Hundred YearsвҖҷ War 1337 вҖ“ 1453,text,False,,,,,,,
black_death,бһҖбһ¶бһҡбһҹбҹ’бһӣбһ¶бһ”бҹӢбһҒбҹ’бһҳбҹ… 1346-1353,Black death 1346-1353,Black death 1346-1353,text,False,,,,,,,
sui_dynasty,бҹҘбҹЁбҹЎ-бҹҰбҹЎбҹЁ бһҡбһ¶бһҮбһңбһ„бҹ’бһҹбһҹбҹҠбһ»бһҷ,581-618 Sui dynasty,581-618 Sui dynasty,text,False,,,,,,,
sui_dynasty_c,бһҹбҹҠбһ»бһҷ,Sui,Sui,text,False,,,,,,,
tribulation,"бһ‘бһ»бһҖбҹ’бһҒбһңбҹҒбһ‘бһ“бһ¶вҖӢбһҮбһ¶вҖӢбһҒбҹ’бһӣбһ¶бҹҶбһ„ (бһҳбҹүбһ¶бһҖбһ»бһҹ бҹЎбҹЈ:бҹЎбҹ©; бһҠбһ¶бһ“бһёбһҷбҹүбҹӮбһӣ бҹЎбҹў:бҹЎ; бһҳбҹүбһ¶бһҗбһ¶бһҷ бҹўбҹӨ:бҹўбҹЎ, бҹўбҹў)","The Great Tribulation (Mark 13:19; Daniel 12:1; Matt 24:21, 22)","The Great Tribulation (Mark 13:19; Daniel 12:1; Matt 24:21, 22)",text,False,,,,,,,
Adam,бһўбһ¶бһҠбһ¶бһҳвҖӢ,Adam,Adam,bible,False,,,,,,,
Seth,бһҹбҹҒбһҸ,Seth,Seth,bible,False,,,,,,,
Enosh,бһўбҹҒбһҺбһ»бһҹ,Enosh,Enosh,bible,False,,,,,,,
Kenan,бһҖбҹғбһҺбһ¶бһ“,Kenan (Cainan),Kenan,bible,False,,,,,,,
Mahalalel,бһҳбҹүбһ¶бһ бһ¶бһӣбһ¶бһӣвҖӢ,Mahalalel (Mahalaleel),Mahalalel,bible,False,,,,,,,
Jared,бһҷбҹүбһ¶бһҡбҹҒбһҢ,Jared,Jared,bible,False,,,,,,,
Enoch,бһўбҹҒбһҺбһ»бһҖ,Enoch,Enoch,bible,False,,,,,,,
Methuselah,бһҳбҹүбҹҒбһ’бһјбһҹбһ¶бһЎбһ¶,Methuselah,Methuselah,bible,False,,,,,,,
Lamech,бһЎбҹҒбһҳбҹүбҹҒбһҖ,Lamech,Lamech,bible,False,,,,,,,
Noah,бһҺбһјбһўбҹҒ,Noah,Noah,bible,False,,,,,,,
Shem,бһҹбһ·бһҳвҖӢ,Shem,Shem,bible,False,,,,,,,
Arpachshad,бһўбһ¶бһ”бҹүбһ¶бһҖбҹӢбһҹбһ¶бһҢ,Arpachshad,Arpachshad,bible,False,,,,,,,
Shelah,бһҹбҹҒбһЎбһ¶,Shelah,Shelah,bible,False,,,,,,,
Eber,бһ бҹҒбһ”бһәбһҡвҖӢ,Eber,Eber,bible,False,,,,,,,
Peleg,бһ–бҹҒбһЎбҹҒбһҖ,Peleg,Peleg,bible,False,,,,,,,
Reu,бһҡбҹҒбһ бҹҠбһј,Reu,Reu,bible,False,,,,,,,
Serug,бһҹбҹҒбһҡбһјбһҖ,Serug,Serug,bible,False,,,,,,,
Nahor,бһҺбҹҒбһғбҹҗбһҡ,Nahor,Nahor,bible,False,,,,,,,
Terah,бһҗбҹҒбһҡбҹүбһ¶,Terah,Terah,bible,False,,,,,,,
Abraham,бһўбһ¶бһ”бҹ’бһҡбһ¶бһ бһ¶бҹҶ,Abraham,Abraham,bible,False,,,,,,,
Isaac,бһўбҹҠбһёбһҹбһ¶бһҖ,Isaac,Isaac,bible,False,,,,,,,
Jacob,бһҷбҹүбһ¶бһҖбһ»бһ”,Jacob,Jacob,bible,False,,,,,,,
Joseph,бһҷбҹүбһјбһҹбҹӮбһ”,Joseph,Joseph,bible,False,,,,,,,
Moses,бһҳбҹүбһјбһҹбҹҒ,Moses,Moses,bible,False,,,,,,,
Othniel,бһўбһ»бһҸбһ“бһ¶бһӣ,Othniel,Othniel,bible,False,,,,,,,
Ehud,бһўбҹҠбһёбһ бһәбһҸ,Ehud,Ehud,bible,False,,,,,,,
Shamgar,бһҹбһ¶бһҳбһҖбһҫбһҡ,Shamgar,Shamgar,bible,False,,,,,,,
Barak,вҖӢбһ”бһ¶бһҡбҹүбһ¶бһҖбҹӢвҖӢ,"Barak, Deborah, Jael",Barak,bible,False,,,,,,,
Gideon,бһӮбҹҒбһҢбһ¶бһ“вҖӢ,Gideon,Gideon,bible,False,,,,,,,
Tola,бһҗбһјбһЎбһ¶вҖӢ,Tola,Tola,bible,False,,,,,,,
Jair,вҖӢбһҷбҹүбһ¶бһўбҹҖ,Jair,Jair,bible,False,,,,,,,
Jephthah,бһҷбҹӮбһ”бһҗбһ¶,Jephthah,Jephthah,bible,False,,,,,,,
Ibzan,бһўбҹҠбһёбһ”бһҹбҹҒбһ“,Ibzan,Ibzan,bible,False,,,,,,,
Elon,бһўбҹҠбһёбһЎбһ“,Elon,Elon,bible,False,,,,,,,
Abdon,вҖӢбһўбһ¶бһ”бҹӢбһҠбһјбһ“,Abdon,Abdon,bible,False,,,,,,,
Samson,вҖӢбһҹбһ¶бҹҶбһҹбһ»бһ“,Samson,Samson,bible,False,,,,,,,
Samuel,бһҹбһ¶бҹҶбһҷбһјбһўбҹӮбһӣ,Samuel,Samuel,bible,False,,,,,,,
Saul,бһҹбһ»бһӣ,Saul,Saul,bible,False,,,,,,,
David,бһҠбһ¶бһңбһёбһҢ,David,David,bible,False,,,,,,,
Solomon,бһҹбһ¶бһЎбһјбһҳбҹүбһјбһ“,Solomon,Solomon,bible,False,,,,,,,
Malachi,бһҳбҹүбһ¶бһЎбһ¶бһӮбһё,Malachi,Malachi,bible,False,,,,,,,
Ruth,бһҡбһјбһҗ,Ruth,Ruth,bible,False,,,,,,,
Ezra,бһўбҹӮбһҹбһҡбҹүбһ¶,Ezra,Ezra,bible,False,,,,,,,
Nehemiah,бһ“бҹҒбһ бҹҒбһҳбһ¶,Nehemiah,Nehemiah,bible,False,,,,,,,
Esther,бһўбҹҒбһҹбһ’бһҫбһҡ,Esther,Esther,bible,False,,,,,,,
Job,бһҷбҹүбһјбһ”,Job,Job,bible,False,,,,,,,
moses3,бһҳбҹүбһјбһҹбҹҒ,Moses,Moses,bible,False,,,,,,,
joshua2,бһҷбҹүбһјбһҹбҹ’бһңбҹҒ,Joshua,Joshua,bible,False,,,,,,,
caleb2,бһҖбһ¶бһӣбҹӮбһ”вҖӢ,Caleb,Caleb,bible,False,,,,,,,
Augustus,бһўбһјбһӮбһјбһҹ,Augustus,Augustus,bible,False,,,,,,,
Tiberius,бһ‘бһёбһ”бҹҠбҹӮбһҡ,Tiberius,Tiberius,bible,False,,,,,,,
Claudius,бһҖбҹ’бһӣбһјбһҢбһ¶бһҹбҹ”,Claudius,Claudius,bible,False,,,,,,,
persia2,бһ–бҹӮбһҡбҹ’бһҹ,Persia,Persia,bible,False,,,,,,,
jehoiada,бһҷбҹҒбһ бһјбһҷбҹүбһ¶бһҠбһ¶,Jehoiada,Jehoiada,bible,False,,,,,,,
Haggai,бһ бһ¶бһҖбһ¶бһҷ,Haggai,Haggai,bible,False,,,,,,,
Zerubbabel,бһҹбҹҒбһҡбҹүбһјбһ”бһ¶бһ”бһ·бһӣ (бһӣбһјбһҖбһ¶ бҹЈ:бҹўбҹ§),Zerubbabel (Luke 3:27),Zerubbabel (Luke 3:27),bible,False,,,,,,,
Jacob2,бһҷбҹүбһ¶бһҖбһ»бһ”/,Jacob/,Jacob/,bible,False,,,,,,,
Israel,бһўбҹҠбһёбһҹбҹ’бһҡбһ¶бһўбҹӮбһӣ,Israel,Israel,bible,False,,,,,,,
Sarah,бһҹбһ¶бһҡбҹүбһ¶,Sarah,Sarah,bible,False,,,,,,,
Hagar,бһ бһ¶бһҖбһ¶,Hagar,Hagar,bible,False,,,,,,,
Haran,бһ бһ¶бһҡбҹүбһ¶бһ“,Haran,Haran,bible,False,,,,,,,
Reumah,бһҡбҹҒбһҷбһјбһҳбҹүбһ¶,Reumah,Reumah,bible,False,,,,,,,
Milcah,бһҳбһёбһӣбһҖбһ¶,Milcah,Milcah,bible,False,,,,,,,
Lot,бһЎбһ»бһҸ,Lot,Lot,bible,False,,,,,,,
Ammon,вҖӢбһ”бҹҒбһ“бһўбһ¶бҹҶбһҳбһё (вҖӢбһўбһ¶бҹҶбһҳбҹүбһјбһ“),Ben-ammi (Ammon),Ben-ammi (Ammon),bible,False,,,,,,,
Bethuel,бһ”бҹҒбһ’бһјбһўбҹӮбһӣ,Bethuel,Bethuel,bible,False,,,,,,,
Rebekah,бһҡбҹҒбһ”бһ·бһҖбһ¶,Rebekah,Rebekah,bible,False,,,,,,,
Laban,бһЎбһ¶бһ”бһ¶бһ“бҹӢ,Laban,Laban,bible,False,,,,,,,
Leah,вҖӢбһӣбҹҒбһўбһ¶вҖӢ,Leah,Leah,bible,False,,,,,,,
Rachel,вҖӢбһҡбҹүбһ¶бһҮбҹӮбһӣвҖӢ,Rachel,Rachel,bible,False,,,,,,,
Bilhah,вҖӢбһ”бҹҠбһёбһӣбһ бһ¶вҖӢ,Bilhah,Bilhah,bible,False,,,,,,,
Zilpah,вҖӢбһҹбҹҠбһёбһӣбһ•бһ¶вҖӢ,Zilpah,Zilpah,bible,False,,,,,,,
Reuben,бһҡбһјбһ”бҹҒбһ“вҖӢ,Reuben,Reuben,bible,False,,,,,,,
Simeon,бһҹбҹҠбһёбһҳбҹ’бһҳбһ¶бһ“,Simeon,Simeon,bible,False,,,,,,,
Levi,бһӣбҹҒбһңбһё,Levi,Levi,bible,False,,,,,,,
Judah,бһҷбһјбһҠбһ¶,Judah,Judah,bible,False,,,,,,,
Issachar,бһўбҹҠбһёбһҹбһ¶бһҒбһ¶бһҡ,Issachar,Issachar,bible,False,,,,,,,
Zebulun,вҖӢбһҹбҹҒбһ”бҹҠбһјбһЎбһјбһ“,Zebulun,Zebulun,bible,False,,,,,,,
Dinah,вҖӢбһҢбһёбһҺбһ¶вҖӢ,Dinah,Dinah,bible,False,,,,,,,
Esau,вҖӢбһўбҹҒбһҹбһ¶бһңвҖӢ/,Esau/,Esau/,bible,False,,,,,,,
Edom,бһўбҹҒбһҠбҹҶ,Edom,Edom,bible,False,,,,,,,
Ishmael,бһўбҹҠбһёбһҹбһҳбҹүбһ¶бһўбҹӮбһӣ,Ishmael,Ishmael,bible,False,,,,,,,
Manasseh2,(бһҳбҹүбһ¶бһҺбһ¶бһҹбҹҒ,(Manasseh,(Manasseh,bible,False,,,,,,,
Ephraim,бһ“бһ·бһ„бһўбҹҒбһ”бҹ’бһҡбһ¶бһўбҹҠбһёбһҳ),and Ephraim),and Ephraim),bible,False,,,,,,,
Benjamin,вҖӢбһ”бҹҒбһ“бһҷбҹүбһ¶бһҳбһёбһ“,Benjamin,Benjamin,bible,False,,,,,,,
Dan,бһҠбһ¶бһ“бҹӢ,Dan,Dan,bible,False,,,,,,,
Naphtali,вҖӢбһҺбҹӮбһ”бһҗбһ¶бһӣбһё,Naphtali,Naphtali,bible,False,,,,,,,
Gad,бһҖбһ¶бһҠ,Gad,Gad,bible,False,,,,,,,
Asher,вҖӢбһўбҹҒбһҹбҹҠбһҫбһҡ,Asher,Asher,bible,False,,,,,,,
Milcah1,"бһӮбһәвҖӢбһўбҹҠбһјвҖӢ, бһ”бҹҠбһјбһҹ, вҖӢбһҖбҹҒбһҳбһјбһўбҹӮбһӣ,","Uz, Buz, Kemuel,","Uz, Buz, Kemuel,",bible,False,,,,,,,
Milcah2,"бһҖбҹҒбһҹбҹҒбһҸ, бһ бһ¶бһҹбһј,","Chesed, Hazo,","Chesed, Hazo,",bible,False,,,,,,,
Milcah3,"бһ–бһёбһӣбһҠбһ¶бһҹ, бһҷбһёбһҸбһЎбһ¶бһ”","Pildash, Jidlaph","Pildash, Jidlaph",bible,False,,,,,,,
Tebah,бһҗбҹҒбһ”бһ¶,Tebah,Tebah,bible,False,,,,,,,
Gaham,бһҖбһ¶бһ бһ¶бҹҶ,Gaham,Gaham,bible,False,,,,,,,
Tahash,бһҸбһ¶бһ бһ¶бһҹ,Tahash,Tahash,bible,False,,,,,,,
Maacah,вҖӢбһҳбҹүбһ¶бһўбһ¶бһҖбһ¶,Maacah,Maacah,bible,False,,,,,,,
Mahalath,бһҳбҹүбһ¶бһ бһ¶бһЎбһ¶бһҸ/,Mahalath/,Mahalath/,bible,False,,,,,,,
Basemath,вҖӢбһ”бһ¶бһҹбҹҒбһҳбҹүбһ¶бһҸ,Basemath,Basemath,bible,False,,,,,,,
Reuel,бһҡбһјбһўбһ¶бһӣбҹӢ,Reuel,Reuel,bible,False,,,,,,,
Nahath,бһҺбһ¶бһ бһ¶бһҸ,Nahath,Nahath,bible,False,,,,,,,
Zerah,бһҹбҹҒбһҡбҹүбһ¶,Zerah,Zerah,bible,False,,,,,,,
Schammah,бһҹбһ¶бһҳбҹүбһ¶,Schammah,Schammah,bible,False,,,,,,,
Mizzah,вҖӢбһҳбһёбһҹбһҹбһ¶,Mizzah,Mizzah,bible,False,,,,,,,
Adah,вҖӢбһўбһ¶бһҠбһ¶,Adah,Adah,bible,False,,,,,,,
Eliphaz,бһўбҹҒбһӣбһёбһ•бһ¶бһҹ,Eliphaz,Eliphaz,bible,False,,,,,,,
Teman,бһҗбҹҒбһҳбҹүбһ¶бһ“,Teman,Teman,bible,False,,,,,,,
Omar,бһўбһјбһҳбҹүбһ¶,Omar,Omar,bible,False,,,,,,,
Zepho,бһҹбҹҒбһ”бһ•бһј,Zepho,Zepho,bible,False,,,,,,,
Kenaz,вҖӢбһҖбҹҒбһҺбһ¶бһҹ,Kenaz,Kenaz,bible,False,,,,,,,
Korah,вҖӢбһҖбһјбһҡбҹүбһ¶,Korah,Korah,bible,False,,,,,,,
Korah_Gatam,"Korah, Gatam","Korah, Gatam","Korah, Gatam",bible,False,,,,,,,
Amalek,бһўбһ¶бһҳбҹүбһ¶бһӣбҹҒбһҖвҖӢ,Amalek,Amalek,bible,False,,,,,,,
Oholibamah,вҖӢбһўбһјбһ бһјбһӣбһёбһ”бһ¶бһҳбҹүбһ¶вҖӢ,Oholibamah,Oholibamah,bible,False,,,,,,,
Jeush,бһҷбҹҒбһўбһәбһҹ,Jeush,Jeush,bible,False,,,,,,,
Jalam,бһ…бһ¶бһЎбһ¶бһҳ,Jalam,Jalam,bible,False,,,,,,,
Nebaioth,вҖӢбһҺбҹҒбһ”бҹҒбһҷбҹүбҹ„бһҸ,Nebaioth,Nebaioth,bible,False,,,,,,,
Kedar,вҖӢбһҖбҹҒбһҠбһ¶,Kedar,Kedar,bible,False,,,,,,,
Mishma,бһҳбһёбһҹбһҳбҹүбһ¶,Mishma,Mishma,bible,False,,,,,,,
Adbeel_Mibsam,"Adbeel, Mibsam","Adbeel, Mibsam","Adbeel, Mibsam",bible,False,,,,,,,
Dumah_Massa,"бһҢбһјбһҳбҹүбһ¶, бһҳбҹүбһ¶бһҹбһ¶","Dumah, Massa","Dumah, Massa",bible,False,,,,,,,
Hadad,бһҸбҹҒбһҳбҹүбһ¶,Hadad,Hadad,bible,False,,,,,,,
Tema,бһҸбҹҒбһҳбҹүбһ¶,Tema,Tema,bible,False,,,,,,,
Jetur,бһҷбҹҒбһҗбһә,Jetur,Jetur,bible,False,,,,,,,
Naphish,бһҺбһ¶бһ—бһёбһҹ,Naphish,Naphish,bible,False,,,,,,,
Kedemah,вҖӢбһҖбҹҒбһҠбҹҒбһҳбҹүбһ¶,Kedemah,Kedemah,bible,False,,,,,,,
Keturah,вҖӢбһҖбҹҒбһ‘бһјбһҡбҹүбһ¶бҹ”,Keturah,Keturah,bible,False,,,,,,,
Zimran,бһҹбҹҠбһёбһҳбһҡбҹүбһ¶бһ“,Zimran,Zimran,bible,False,,,,,,,
Jokshan,бһҷбҹүбһ»бһҖбһҹбһ¶бһ“,Jokshan,Jokshan,bible,False,,,,,,,
Medan,бһҳбҹҒбһҠбһ¶бһ“,Medan,Medan,bible,False,,,,,,,
Midian,бһҳбҹүбһ¶бһҢбһ¶бһ“,Midian,Midian,bible,False,,,,,,,
Ishbak,бһўбҹҠбһёбһҹбһ”бһ¶бһҖ,Ishbak,Ishbak,bible,False,,,,,,,
Shuah,вҖӢбһҹбҹҠбһјбһўбһ¶бһҖбҹ”,Shuah,Shuah,bible,False,,,,,,,
Timna,бһҸбһ¶бһ…бһ¶,Timna,Timna,bible,False,,,,,,,
life-expectancy2,(бһ‘бҹҶбһ“бһ»бһҖбһҠбҹҶбһҖбһҫбһ„ 90:10),(Psalm 90:10),(Psalm 90:10),bible,False,,,,,,,
Ham,бһ бһ¶бҹҶ,Ham,Ham,bible,False,,,,,,,
Canaan,бһҖбһ¶бһҺбһ¶бһ“,Canaan,Canaan,bible,False,,,,,,,
Sidon,бһҹбҹҠбһёбһҠбһјбһ“,Sidon,Sidon,bible,False,,,,,,,
Heth,бһ бҹҒбһҸ,Heth,Heth,bible,False,,,,,,,
Jebusite,бһҮбҹҒбһ”бҹҠбһјбһҹбҹҠбһёбһҸ,Jebusite,Jebusite,bible,False,,,,,,,
Amorite,бһўбһ¶бһҳбҹүбһјбһҡбһёбһҸ,Amorite,Amorite,bible,False,,,,,,,
Girgashite,Girgashite,Girgashite,Girgashite,bible,False,,,,,,,
Hivite,бһ бҹҠбһёбһңбһёбһҸ,Hivite,Hivite,bible,False,,,,,,,
Arkite,бһўбһ¶бһӮбһёбһҸ,Arkite,Arkite,bible,False,,,,,,,
Sinite,бһҹбҹҠбһёбһ“бһёбһҸ,Sinite,Sinite,bible,False,,,,,,,
Arvadite,бһўбһ¶бһңбҹүбһ¶бһҢбһёбһҸ,Arvadite,Arvadite,bible,False,,,,,,,
Zemarite,бһҹбҹҒбһҳбҹүбһ¶бһҡбһёбһҸ,Zemarite,Zemarite,bible,False,,,,,,,
Hamathite,бһ бһ¶бһҳбҹүбһ¶бһ’бһё,Hamathite,Hamathite,bible,False,,,,,,,
Cush,бһӮбһ»бһҮ,Cush,Cush,bible,False,,,,,,,
Nimrod,бһ“бһёбһҳбһҡбҹүбһјбһҠ,Nimrod,Nimrod,bible,False,,,,,,,
Mizraim,бһҳбһёбһ бҹ’бһҹбһёбһҳ,Mizraim,Mizraim,bible,False,,,,,,,
Casluh,бһҖбһ¶бһӣбһј,Casluh,Casluh,bible,False,,,,,,,
Japheth,бһҷбҹүбһ¶бһ—бҹҒбһҸ,Japheth,Japheth,bible,False,,,,,,,
Asshur,бһўбһ¶бһҹбһҹбҹҠбһҫбһҡ,Asshur,Asshur,bible,False,,,,,,,
Lud,бһӣбһјбһҠ,Lud,Lud,bible,False,,,,,,,
Aram,бһўбһ¶бһҡбҹүбһ¶бһҳ,Aram,Aram,bible,False,,,,,,,
Elam,бһўбҹҒбһЎбһ¶бһҳ,Elam,Elam,bible,False,,,,,,,
Joktan,бһҮбһ»бһҖбһҸбһ¶бһ“,Joktan,Joktan,bible,False,,,,,,,
Almodad,бһўбһ¶бһӣбҹӢбһҳбҹүбһјбһҠбһ¶бһҠ,Almodad,Almodad,bible,False,,,,,,,
Sheleph,бһҹбҹҒбһӣбҹҒбһ бҹ’бһң,Sheleph,Sheleph,bible,False,,,,,,,
Hazarmareth,бһ бһ¶бһҹбһ¶бһҳбҹүбһ¶бһҡбҹүбҹҒбһҸ,Hazarmareth,Hazarmareth,bible,False,,,,,,,
Jerah,бһҷбҹҒбһҡбҹүбһ¶,Jerah,Jerah,bible,False,,,,,,,
Hadoram,бһ бһ¶бһҠбһјбһҡбҹүбһ¶бһҳ,Hadoram,Hadoram,bible,False,,,,,,,
Uzal,Uzal,Uzal,Uzal,bible,False,,,,,,,
Diklah_Obal,"Diklah, Obal","Diklah, Obal","Diklah, Obal",bible,False,,,,,,,
Abimael,бһўбһ”бҹҠбһёбһҳбҹүбһ¶бһўбҹӮбһӣ,Abimael,Abimael,bible,False,,,,,,,
Sheba_Ophir,"бһҹбҹҒбһ”бһ¶, бһўбһјбһ—бһёбһҡ","Sheba, Ophir","Sheba, Ophir",bible,False,,,,,,,
Havilah,бһ бһ¶бһңбһёбһЎбһ¶,Havilah,Havilah,bible,False,,,,,,,
Jobab,бһҷбҹүбһјбһ”бһ”,Jobab,Jobab,bible,False,,,,,,,
Ham_fn,бҹЎ) бһҮбһ“бһҮбһ¶бһҸбһ·бһўбҹҒбһҹбҹҠбһёбһ”бҹ– бһ‘бҹҶбһ“бһ»бһҖбһҸбһҳбҹ’бһҖбһҫбһ„ бҹЎбҹ бҹҘ:бҹўбҹЈ,1) Egyptians: Psalms 105:23,1) Egyptians: Psalms 105:23,bible,False,,,,,,,
Canaan_fn,бҹў) бһҮбһ“вҖӢбһҮбһ¶бһҸбһ·вҖӢбһҖбһ¶бһҺбһ¶бһ“бҹ– бһҷбҹүбһјбһҹбҹ’бһңбҹҒ бҹЎбҹЈ:бҹЈ,2) Canaanites: Joshua 13:3,2) Canaanites: Joshua 13:3,bible,False,,,,,,,
Aram_fn,бҹЈ) бһҮбһ“вҖӢбһҮбһ¶бһҸбһ·вҖӢбһўбһ¶бһҡбҹүбһ¶бһҳбҹ– бһ бһјбһҹбҹҒ бҹЎбҹў:бҹЎбҹў,3) Arameans: Hosea 12:12,3) Arameans: Hosea 12:12,bible,False,,,,,,,
Elam_fn,бҹӨ) бһўбҹҒбһЎбһ¶бһҳбҹ– бһўбҹӮбһҹбһҡбҹүбһ¶ бҹӨ:бҹ©,4) Elamites: Ezra 4:9,4) Elamites: Ezra 4:9,bible,False,,,,,,,
Asshur_fn,бҹҘ) бһўбһ¶бһҹбһҹбҹҠбһҫбһҡбҹ– бһўбҹҒбһҹбҹҒбһӮбһ¶бһӣ бҹўбҹ§:бҹўбҹЈ,5) Assyrians: Ezekiel 27:23,5) Assyrians: Ezekiel 27:23,bible,False,,,,,,,
Casluh_fn,бҹҰ) бһ—бһёбһӣбһёбһҹбҹ’бһ‘бһёбһ“бҹ– бҹЎ бһҡбһ”бһ¶бһҖбҹ’бһҹбһҸбҹ’бһҡ бҹЎ:бҹЎбҹў,6) Philistines: 1 Chronicles 1:12,6) Philistines: 1 Chronicles 1:12,bible,False,,,,,,,
Cush_fn,7) бһўбҹҒбһҸбҹ’бһҷбһјбһ–бһё [Cushite]: 2 Kings 19:9,7) Ethiopian [Cushite]: 2 Kings 19:9,7) Ethiopian [Cushite]: 2 Kings 19:9,bible,False,,,,,,,
Edom_fn,бҹЁ) бһҮбһ“вҖӢбһҮбһ¶бһҸбһ·вҖӢбһўбҹҒбһҠбһ»бһҳбҹ– бһҮбһ“бһӮбһҺбһ“бһ¶ бҹўбҹ :бҹЎбҹӨвҖӢ-вҖӢбҹЎбҹ§,8) Edomites: Numbers 20:14-17,8) Edomites: Numbers 20:14-17,bible,False,,,,,,,
Moab_fn,"бҹ©) бһҮбһ“вҖӢбһҮбһ¶бһҸбһ·вҖӢбһҳбҹүбһјбһўбһ¶бһ”бҹӢбҹ– бһ…бҹ„бһ‘бһ·бһҷбһҖбһҗбһ¶ бҹўбҹЈ:бҹЈ, бҹӨ","9) Moabites: Deuteronomy 23:3, 4","9) Moabites: Deuteronomy 23:3, 4",bible,False,,,,,,,
Ammon_fn,бҹЎбҹ ) бһўбһ¶бҹҶбһҳбҹүбһјбһ“бҹ– бһҷбҹүбһјбһҹбҹ’бһңбҹҒ бҹЎбҹў:бҹў,10) Ammonites: Joshua 12:2,10) Ammonites: Joshua 12:2,bible,False,,,,,,,
Midian_fn,"бҹЎбҹЎ) бһҹбһ¶бһҹбһ“бҹҚвҖӢбһҳбҹүбһ¶бһҢбһ¶бһ“бҹ– бһҮбһ“бһӮбһҺбһ“бһ¶ бҹЈбҹЎ:бҹў, бҹЈ","11) Midianites: Numbers 31:2, 3","11) Midianites: Numbers 31:2, 3",bible,False,,,,,,,
Amalek_fn,бҹЎбҹў) бһҮбһ“вҖӢбһҮбһ¶бһҸбһ·вҖӢбһўбһ¶бһҳбҹүбһ¶бһӣбҹҒбһҖбҹҲ бҹЎбһҹбһ¶бҹҶбһҷбһјбһўбҹӮбһӣ бҹЎбҹҘ:бҹў,12) Amalekites: 1 Samuel 15:2,12) Amalekites: 1 Samuel 15:2,bible,False,,,,,,,
Teman_fn,бҹЎбҹЈ) бһ–бһҪбһҖвҖӢбһҗбҹҒбһҳбҹүбһ¶бһ“бҹҲ бһҷбҹүбһјбһ” бҹӨбҹў:бҹ§,13) Temanites: Job 42:7,13) Temanites: Job 42:7,bible,False,,,,,,,
Sidon_fn,бҹЎбҹӨ) бһҹбҹҠбһёбһҠбһјбһ“бҹҲ бһҹбһ¶бһҖбһ¶бһҡбһё бҹ©:бҹў,14) Sidonians: Zechariah 9:2,14) Sidonians: Zechariah 9:2,bible,False,,,,,,,
Heth_fn,бҹЎбҹҘ) бһҮбһ“вҖӢбһҮбһ¶бһҸбһ·вҖӢбһ бҹҒбһҸбҹҲ бһӣбҹ„бһҖбһ»бһ”бҹ’бһ”бһҸбҹ’бһҸбһ· бҹЎбҹҘ:бҹўбҹ ,15) Hittites: Genesis 15:20,15) Hittites: Genesis 15:20,bible,False,,,,,,,
Jebusite_fn,бҹЎбҹҰ) бһҷбҹҒбһ”бҹҠбһјбһҹбҹҲ бһҷбҹүбһјбһҹбҹ’бһңбҹҒ бҹЎбҹҘ:бҹҰбҹЈ,16) Jebusites: Joshua 15:63,16) Jebusites: Joshua 15:63,bible,False,,,,,,,
Judith,Judith?,Judith?,Judith?,bible,False,,,,,,,
Lud_fn,бҹЎбҹ§) бһӣбһёбһҢбһ¶бһ“бҹ– бҹЎ бһҡбһ”бһ¶бһҖбҹ’бһҹбһҸбҹ’бһҡ бҹЎ:бҹЎбҹ§,17) Lydians: 1 Chronicles 1:17,17) Lydians: 1 Chronicles 1:17,bible,False,,,,,,,
Ishmael_fn,бҹЎбҹЁ) бһўбҹҠбһёбһҹбһҳбҹүбһ¶бһўбҹӮбһӣбҹ– бһӣбҹ„бһҖбһ»бһ”бҹ’бһ”бһҸбҹ’бһҸбһ· бҹЈбҹ§:бҹўбҹ§,18) Ishmaelites: Genesis 37:27,18) Ishmaelites: Genesis 37:27,bible,False,,,,,,,
Amorite_fn,бҹЎбҹ©) бһўбһ¶бһҳбҹүбһјбһҡбһёбҹ– бһ…бҹ…бһ бҹ’бһңбһ¶бһҷ бҹҰ:бҹЎбҹ ,19) Amorites: Judges 6:10,19) Amorites: Judges 6:10,bible,False,,,,,,,
Hivite_fn,"бҹўбҹ ) бһҹбһ¶бһҹбһ“бҹҚвҖӢбһ бҹҠбһёбһңбһё [бһӮбһёбһ”бҹҖбһ“]бҹ– бһҷбҹүбһјбһҹбҹ’бһңбҹҒ бҹ©:бҹЈ, бҹ§","20) Hivites [Gibeon]: Joshua 9:3, 7","20) Hivites [Gibeon]: Joshua 9:3, 7",bible,False,,,,,,,
Cain,бһҖбһ¶бһўбҹҠбһёбһ“,Cain,"Genesis 4:1, son Enoch same name as other",bible,False,,,,,,,
Abel,бһўбҹҒбһ”бһ·бһӣ,Abel,Genesis 4:2,bible,False,,,,,,,
Irad,бһўбҹҠбһёбһҡбҹүбһ¶бһҠ,Irad,Genesis 4:18,bible,False,,,,,,,
Mehujael,бһҳбһ бҹҠбһјбһ…бһ¶бһўбҹӮбһӣ,Mehujael,Genesis 4:18,bible,False,,,,,,,
Methushael,бһҳбһ’бһјбһҹбһ¶бһўбҹӮбһӣ,Methushael,"Genesis 4:18, son Lamech same as other",bible,False,,,,,,,
Jabal,бһ…бһ¶бһ”бһ¶бһӣбҹ”,Jabal,"Genesis 4:20 living in tents, have livestock",bible,False,,,,,,,
Jubal,бһҮбһјбһ”бһӣбҹ”,Jubal,Genesis 4:21 play harp and pipe,bible,False,,,,,,,
Zillah,бһ бҹ’бһҹбһёбһЎбһ¶,Zillah,"Genesis 4:19, Adah is also a wife of Esau",bible,False,,,,,,,
Tubal-cain,бһ‘бһјбһ”бһ¶бһӣ-бһҖбһ¶бһўбҹҠбһёбһ“,Tubal-cain,Genesis 4:22 tool of copper and iron,bible,False,,,,,,,
Naamah,бһҺбһ¶бһҳбҹүбһ¶,Naamah,Genesis 4:22 his sister,bible,False,,,,,,,
Rehoboam,бһҡбҹҒбһ бһјбһ”бҹ„бһҳ,Rehoboam,Rehoboam,A6-A,False,,,,,,,
Abijah,бһўбһ¶бһ”бҹҠбһёбһҷбҹүбһ¶ (вҖӢбһўбһ¶бһ”бҹҠбһёбһҷбҹүбһ¶бһҳвҖӢ),Abijah (Abijam),Abijah (Abijam),A6-A,False,,,,,,,
Asa,бһўбҹҒбһҹбһ¶,Asa,Asa,A6-A,False,,,,,,,
Jehoshaphat,бһҷбҹҒбһ бһјбһҹбһ¶бһ•бһ¶бһҸ,Jehoshaphat,Jehoshaphat,A6-A,False,,,,,,,
Jehoram2,бһҷбҹҒбһ бһјбһҡбҹүбһ¶бһҳ,Jehoram,Jehoram,A6-A,False,,,,,,,
Ahaziah,бһўбһ¶бһ бһ¶бһҹбҹҠбһёбһҷбҹүбһ¶,Ahaziah,Ahaziah,A6-A,False,,,,,,,
Athaliah,бһҳбһ бһ¶вҖӢбһҖбҹ’бһҹбһҸбҹ’бһҡбһёвҖӢбһўбһ¶бһҗбһ¶бһӣбҹҖ,Queen Athaliah,Queen Athaliah,A6-A,False,,,,,,,
Jehoash,бһҷбҹҒбһ бһјбһўбһ¶бһҹ,Jehoash,Jehoash,A6-A,False,,,,,,,
Amaziah,бһўбһ¶бһҳбҹүбһ¶бһҹбҹҠбһ¶,Amaziah,Amaziah,A6-A,False,,,,,,,
Uzziah,бһўбһјбһҹбҹҖбһҹ (вҖӢбһўбһ¶бһҹбһ¶бһҡбҹҖвҖӢ),Uzziah (Azariah),Uzziah (Azariah),A6-A,False,,,,,,,
Jeroboam,бһҷбҹҒбһҡбҹүбһјбһ”бҹ„бһҳ,Jeroboam,Jeroboam,A6-A,False,,,,,,,
Nadab,бһҺбһ¶бһҠбһ¶бһ”,Nadab,Nadab,A6-A,False,,,,,,,
Baasha,бһ”бһ¶бһўбһ¶бһҹбһ¶,Baasha,Baasha,A6-A,False,,,,,,,
Elah,бһўбҹҒбһЎбһ¶,Elah,Elah,A6-A,False,,,,,,,
Zimri,бһҹбҹҠбһёбһҳбһҡбһё,Zimri,Zimri,A6-A,False,,,,,,,
OmriTibni,бһўбҹҶбһҡбһёвҖӢбһ“бһ·бһ„вҖӢбһ’бһёбһ”бһҺбһ¶бһҷ,Omri and Tibni together,Omri and Tibni together,A6-A,False,,,,,,,
Omri,бһўбҹҶбһҡбһё (вҖӢбһҳбҹ’бһ“бһ¶бһҖбҹӢвҖӢбһҜбһ„вҖӢ),Omri (alone),Omri (alone),A6-A,False,,,,,,,
Ahab,бһўбһ¶бһ бһ¶бһ”бҹӢ,Ahab,Ahab,A6-A,False,,,,,,,
Jehoram,бһҷбҹҒбһ бһјбһҡбҹүбһ¶бһҳ,Jehoram,Jehoram,A6-A,False,,,,,,,
Jehu,бһҷбҹҒбһ бҹҠбһј,Jehu,Jehu,A6-A,False,,,,,,,
Jeoahaz,бһҷбҹҒбһ бһјбһўбһ¶бһ бһ¶бһҹ,Jeoahaz,Jeoahaz,A6-A,False,,,,,,,
JeoahazJehoash,бһҷбҹҒбһ бһјбһўбһ¶бһ бһ¶бһҹвҖӢбһ“бһ·бһ„вҖӢбһҷбҹҒбһ бһјбһўбһ¶бһҹ,Jeoahaz and Jehoash,Jeoahaz and Jehoash,A6-A,False,,,,,,,
Jehoash2,бһҷбҹҒбһ бһјбһўбһ¶бһҹ (вҖӢбһҳбҹ’бһ“бһ¶бһҖбҹӢвҖӢбһҜбһ„вҖӢ),Jehoash (alone),Jehoash (alone),A6-A,False,,,,,,,
Jeroboam2,бһҷбҹҒбһҡбҹүбһјбһ”бҹ„бһҳвҖӢбһ‘бһёвҖӢбҹў,Jeroboam II,Jeroboam II,A6-A,False,,,,,,,
Elijah,бһўбҹҒбһӣбһёбһҷбҹүбһ¶,Elijah,Elijah,A6-A,False,,,,,,,
Elisha,бһўбҹҒбһӣбһёбһҹбҹҒ,Elisha,Elisha,A6-A,False,,,,,,,
Jonah,бһҷбҹүбһјбһҺбһ¶бһҹ,Jonah,Jonah,A6-A,False,,,,,,,
Amos,бһўбҹҒбһҳбҹүбһ»бһҹ,Amos,Amos,A6-A,False,,,,,,,
Joel,бһҷбҹүбһјбһўбҹӮбһӣ,Joel,Joel,A6-A,False,,,,,,,
Jotham,бһҷбҹүбһјбһҗбһ¶бһҳ,Jotham,Jotham,A6-B,False,,,,,,,
Ahaz,бһўбҹҒбһ бһ¶бһҹ,Ahaz,Ahaz,A6-B,False,,,,,,,
Hezekiah,бһ бҹҒбһҹбҹҒбһӮбһ¶,Hezekiah,Hezekiah,A6-B,False,,,,,,,
Manasseh,бһҳбҹүбһ¶бһҺбһ¶бһҹбҹҒ,Manasseh,Manasseh,A6-B,False,,,,,,,
Amon,бһўбҹҒбһҳбҹүбһ»бһ“,Amon,Amon,A6-B,False,,,,,,,
Josiah,бһҷбҹүбһјбһҹбҹҖбһҹ,Josiah,Josiah,A6-B,False,,,,,,,
Jehoahaz,бһҷбҹҒбһ бһјбһўбһ¶бһ бһ¶бһҹ,Jehoahaz,Jehoahaz,A6-B,False,,,,,,,
Jehoiakim,бһҷбҹҒбһ бһјбһҷбҹүбһ¶бһӮбһёбһҳ,Jehoiakim,Jehoiakim,A6-B,False,,,,,,,
Jehoiachin,бһҷбҹҒбһ бһјбһҷбҹүбһ¶бһӮбһёбһ“,Jehoiachin,Jehoiachin,A6-B,False,,,,,,,
Zedekiah,бһҹбҹҒбһҠбҹҒбһӮбһ¶,Zedekiah,Zedekiah,A6-B,False,,,,,,,
Zechariah,бһҹбһ¶бһҖбһ¶бһҡбһё,Zechariah,Zechariah,A6-B,False,,,,,,,
Schallum,бһҹбһ¶бһӣбһјбһҳ,Schallum,Schallum,A6-B,False,,,,,,,
Menahem,бһҳбҹҒбһҺбһ¶бһ бһ·бһҳ,Menahem,Menahem,A6-B,False,,,,,,,
Pekahiah,бһ—бҹҒбһҖбһ¶бһ бҹҠбһ¶,Pekahiah,Pekahiah,A6-B,False,,,,,,,
Pekah,бһ—бҹҒбһҖбһ¶,Pekah,Pekah,A6-B,False,,,,,,,
Hoshea,бһ бһјбһҹбҹҠбһ¶,Hoshea,Hoshea,A6-B,False,,,,,,,
Hosea,бһ бһјбһҹбҹҒ,Hosea,Hosea,A6-B,False,,,,,,,
Isaiah,бһўбҹҒбһҹбһ¶бһҷ,Isaiah,Isaiah,A6-B,False,,,,,,,
Micah,бһҳбһёбһҖбһ¶,Micah,Micah,A6-B,False,,,,,,,
Zephaniah,бһҹбҹҒбһ•бһ¶бһ“бһ¶,Zephaniah,Zephaniah,A6-B,False,,,,,,,
Nahum,бһҺбһ¶бһ бҹҠбһ»бһҳ,Nahum,Nahum,A6-B,False,,,,,,,
Jeremiah,бһҷбҹҒбһҡбҹҒбһҳбһ¶,Jeremiah,Jeremiah,A6-B,False,,,,,,,
Habakuk,бһ бһ¶бһ”бһ¶бһӮбһ»бһҖ,Habakuk,Habakuk,A6-B,False,,,,,,,
Daniel,бһҠбһ¶бһ“бһёбһҷбҹүбҹӮбһӣ,Daniel,Daniel,A6-B,False,,,,,,,
Ezekiel,бһўбҹҒбһҹбҹҒбһӮбһ¶бһӣ,Ezekiel,Ezekiel,A6-B,False,,,,,,,
Obadiah,бһўбһјбһ”бһ¶бһҢбһ¶,Obadiah,Obadiah,A6-B,False,,,,,,,
Babylon,"бһҠбһ¶бһ“бһёбһҷбҹүбҹӮбһӣ бҹў:бҹЈбҹў, бҹЈбҹҰвҖӢ-вҖӢбҹЈбҹЁ; бҹ§:бҹӨ","Daniel 2:32, 36-38; 7:4","Daniel 2:32, 36-38; 7:4",B9,False,,,,,,,
Medopersia,"бһҠбһ¶бһ“бһёбһҷбҹүбҹӮбһӣ бҹў:бҹЈбҹў, бҹЈбҹ©; бҹ§:бҹҘ","Daniel 2:32, 39; 7:5","Daniel 2:32, 39; 7:5",B9,False,,,,,,,
Greece,"бһҠбһ¶бһ“бһёбһҷбҹүбҹӮбһӣ бҹў:бҹЈбҹў, бҹЈбҹ©; бҹ§:бҹҰ","Daniel 2:32, 39; 7:6","Daniel 2:32, 39; 7:6",B9,False,,,,,,,
Rome,"бһҠбһ¶бһ“бһёбһҷбҹүбҹӮбһӣ бҹў:бҹЈбҹЈ, бҹӨбҹ ; бҹ§:бҹ§","Daniel 2:33, 40; 7:7","Daniel 2:33, 40; 7:7",B9,False,,,,,,,
Angloamerica,"бһҠбһ¶бһ“бһёбһҷбҹүбҹӮбһӣ бҹў:бҹЈбҹЈ, бҹӨбҹЎвҖӢ-вҖӢбҹӨбҹЈ","Daniel 2:33, 41-43","Daniel 2:33, 41-43",B9,False,,,,,,,
Babylon_c,бһ”бһ¶бһ”бҹҠбһёбһЎбһјбһ“,Babylon,Babylon,B9,False,,,,,,,
Medopersia_c,бһҳбҹҒбһҢбһёвҖӢбһ–бһҫбһҹбҹҠбһё,Medo-Persia,Medo-Persia,B9,False,,,,,,,
Greece_c,бһҖбҹ’бһҡбһ·бһ…,Greece,Greece,B9,False,,,,,,,
Rome_c,бһҡбҹүбһјбһҳ,Rome,Rome,B9,False,,,,,,,
Angloamerica_c,бһўбһ„бҹӢбһӮбҹ’бһӣбҹҒбһҹвҖӢбһўбһ¶бһҳбҹүбҹҒбһҡбһ·бһҖ,Anglo-America,Anglo-America,B9,False,,,,,,,
daniel2_1,бһҹбҹ’бһҠбҹҒбһ…вҖӢбһ“бҹҒбһ”бҹҠбһјбһҖбҹ’бһ“бҹҒбһҹбһ¶вҖӢбһ”бҹҶбһ•бҹ’бһӣбһ¶бһү,King Nebuchadnezzar,King Nebuchadnezzar,B9,False,,,,,,,
daniel2_2,бһҖбһ¶бһҡбһ’бҹ’бһӣбһ¶бһҖбҹӢбһ…бһ»бҹҮбһ“бҹғбһҷбҹҒбһҡбһјбһҹбһ¶бһЎбһ·бһҳ,destroys Jerusalem,destroys Jerusalem,B9,False,,,,,,,
daniel2_3,бһҖбһ¶бһҡбһҸбҹ’бһҡбһҪбһҸбһҸбҹ’бһҡбһ¶бһ“бҹғбһ”бһ¶бһ”бҹүбһёбһЎбһјбһ“,Conquers Babylon,Conquers Babylon,B9,False,,,,,,,
daniel2_4,бһҹбҹҠбһёбһҡбһјбһҹвҖӢбһ”бһ„бҹ’бһӮбһ¶бһ”бҹӢвҖӢбһ–бһҪбһҖвҖӢбһҷбһјбһҠбһ¶вҖӢбһІбҹ’бһҷвҖӢбһ‘бҹ…вҖӢ,Cyrus decrees return,Cyrus decrees return,B9,False,,,,,,,
daniel2_5,бһҷбҹҒбһҡбһјбһҹбһ¶бһЎбһ·бһҳвҖӢбһңбһ·бһү,of Jews to Jerusalem,of Jews to Jerusalem,B9,False,,,,,,,
daniel2_6,бһўбһ¶бһЎбһ·бһ…бһҹбһ„бҹӢвҖӢбһҠбҹҸвҖӢбһҒбҹ’бһӣбһ¶бҹҶбһ„вҖӢбһҖбҹ’бһӣбһ¶вҖӢ,Alexander the Great,Alexander the Great,B9,False,,,,,,,
daniel2_7,бһҖбһ¶бһҡбһҸбҹ’бһҡбһҪбһҸбһҸбҹ’бһҡбһ¶бһ“бҹғбһ–бһҫбһҹбҹүбһё,conquers Persia,conquers Persia,B9,False,,,,,,,
daniel2_8,бһӮбҹ’бһҡбһ”бҹӢвҖӢбһӮбҹ’бһҡбһ„вҖӢбһўбҹҠбһёбһҹбҹ’бһҡбһ¶бһўбҹӮбһӣ,Rules over Israel,Rules over Israel,B9,False,,,,,,,
daniel2_9,бһҖбһ¶бһҡбһ’бҹ’бһӣбһ¶бһҖбҹӢбһ…бһ»бҹҮбһ“бҹғбһҷбҹҒбһҡбһјбһҹбһ¶бһЎбһ·бһҳ,Destroys Jerusalem,Destroys Jerusalem,B9,False,,,,,,,
daniel2_10,бһўбҹҶбһЎбһ»бһ„вҖӢбһҹбһ„бҹ’бһӮбҹ’бһҡбһ¶бһҳвҖӢбһӣбҹ„бһҖвҖӢбһӣбһҫбһҖвҖӢбһ‘бһёвҖӢбҹЎ,"During World War I,","During World War I,",B9,False,,,,,,,
daniel2_11,бһҳбһ бһ¶бһўбҹҶбһҺбһ¶бһ…бһўбһ„бҹӢбһӮбҹ’бһӣбҹҒбһҹбһўбһ¶бһҳбҹүбҹҒбһҡбһ·бһ…,Anglo-American World Power,Anglo-American World Power,B9,False,,,,,,,
daniel2_12,бһ…бһ¶бһ”бҹӢбһ•бҹ’бһҸбһҫбһҳбһҖбһ¶бһ“бҹӢбһҖбһ¶бһ”бҹӢ,comes into being,comes into being,B9,False,,,,,,,
607BCE,бһҶбҹ’бһ“бһ¶бҹҶвҖӢбҹҰбҹ бҹ§ бһҳбһ»бһ“вҖӢбһӮ.бһҹ.,607 B.C.E.,607 B.C.E.,B9,False,,,,,,,
539BCE,бһҶбҹ’бһ“бһ¶бҹҶвҖӢбҹҘбҹЈбҹ© бһҳбһ»бһ“вҖӢбһӮ.бһҹ.,539 B.C.E.,539 B.C.E.,B9,False,,,,,,,
537BCE,бһҶбҹ’бһ“бһ¶бҹҶвҖӢбҹҘбҹЈбҹ§ бһҳбһ»бһ“вҖӢбһӮ.бһҹ.,537 B.C.E.,537 B.C.E.,B9,False,,,,,,,
331BCE,бһҶбҹ’бһ“бһ¶бҹҶвҖӢбҹЈбҹЈбҹЎ бһҳбһ»бһ“вҖӢбһӮ.бһҹ.,331 B.C.E.,331 B.C.E.,B9,False,,,,,,,
63BCE,бһҶбҹ’бһ“бһ¶бҹҶвҖӢбҹҰбҹЈ бһҳбһ»бһ“вҖӢбһӮ.бһҹ.,63 B.C.E.,63 B.C.E.,B9,False,,,,,,,
70CE,бһҶбҹ’бһ“бһ¶бҹҶвҖӢбҹ§бҹ  бһӮ.бһҹ.,70 C.E.,70 C.E.,B9,False,,,,,,,
1914CE,бһҶбҹ’бһ“бһ¶бҹҶвҖӢбҹЎбҹ©бҹЎбҹӨвҖӢбһҠбһӣбҹӢвҖӢбһҶбҹ’бһ“бһ¶бҹҶвҖӢбҹЎбҹ©бҹЎбҹЁ бһӮ.бһҹ.,1914-1918 C.E.,1914-1918 C.E.,B9,False,,,,,,,
7times,бһңбһ·бһңбһҡбһҺбҹҲ бҹЎбҹў:бҹ©,Revelation 12:9,Revelation 12:9,scripture,False,,,,,,,
infliction2,бһҖбһ·бһ…бҹ’бһ…бһҖбһ¶бһҡ бҹ§:бҹҰ,Acts 7:6,Acts 7:6,scripture,False,,,,,,,
eastern-zhou,бҹ§бҹ§бҹ -бҹўбҹҘбҹҰ бһҳбһ»бһ“бһӮ.бһҹ,770-256 BC,770-256 BC,span_bc,False,,,,,,,
430years,бһҶбҹ’бһ“бһ¶бҹҶ 1943 - 1513 B.C.E.,1943 вҖ“ 1513 B.C.E.,1943 вҖ“ 1513 B.C.E.,span_bce,False,,,,,,,
eastern-han,бҹўбҹҘ-бҹўбҹўбҹ  бһӮ.бһҹ,25-220 CE,25-220 CE,span_ce,False,,,,,,,
northern-dynasties,бҹЈбҹҰбҹЁ-бҹҘбҹЁбҹЎ бһӮ.бһҹ,368-581 CE,368-581 CE,span_ce,False,,,,,,,
southern-dynasties,бҹӨбҹўбҹ -бҹҘбҹЁбҹ© бһӮ.бһҹ,420-589 CE,420-589 CE,span_ce,False,,,,,,,
khmer_empire,804 вҖ“ 1431,804 вҖ“ 1431,804 вҖ“ 1431 C.E.,timespan,True,,,,,,,
byzantine_empire,330 вҖ“ 1453,330 вҖ“ 1453,330-1453 C.E.,timespan,True,,,,,,,
ottoman_empire,1299 вҖ“ 1922,1299 вҖ“ 1922,1299 вҖ“ 1922 C.E.,timespan,True,,,,,,,
holy_roman_empire,800 вҖ“ 924,800 вҖ“ 924,800 вҖ“ 924 C.E.,timespan,True,,,,,,,
holy_roman_empire2,962 вҖ“ 1806,962 вҖ“ 1806,962 вҖ“ 1806 C.E.,timespan,True,,,,,,,
inca_empire,1438 вҖ“ 1533,1438 вҖ“ 1533,1438 вҖ“ 1533 C.E.,timespan,True,,,,,,,
gupta_empire,319 вҖ“ 550,319 вҖ“ 550,319 вҖ“ 550 C.E.,timespan,True,,,,,,,
Umayyad,661 вҖ“ 750,661 вҖ“ 750,661 вҖ“ 750 C.E.,timespan,True,,,,,,,
Abbasid,750 вҖ“ 1258,750 вҖ“ 1258,750 вҖ“ 1258 C.E.,timespan,True,,,,,,,
Mamluk,1250 вҖ“ 1517,1250 вҖ“ 1517,1250 вҖ“ 1517 C.E.,timespan,True,,,,,,,
seljuk_empire,1037 вҖ“ 1194,1037 вҖ“ 1194,1037 вҖ“ 1194 C.E.,timespan,True,,,,,,,
lombard,568 вҖ“ 774,568 вҖ“ 774,568 вҖ“ 774 C.E.,timespan,True,,,,,,,
qing-dynasty,1636-1912,1636-1912,1636-1912,timespan,True,,,,,,,
ming-dynasty,1368-1644,1368-1644,1368-1644,timespan,True,,,,,,,
yuan-dynasty,1271-1368,1271-1368,1271-1368,timespan,True,,,,,,,
southern-song,1127-1279,1127-1279,1127-1279,timespan,True,,,,,,,
northern-song,960-1127,960-1127,960-1127,timespan,True,,,,,,,
western-xia,1038-1227,1038-1227,1038-1227,timespan,True,,,,,,,
maya_classic,250вҖ“950,250вҖ“950,250-950,timespan,True,,,,,,,
maya_postclassic,950-1539,950-1539,950-1539,timespan,True,,,,,,,
tran_dynasty,1225вҖ“1400,1225вҖ“1400,1225 вҖ“ 1400,timespan,True,,,,,,,
le_dynasty,1428вҖ“1527,1428вҖ“1527,1428 вҖ“ 1527,timespan,True,,,,,,,
revival_le_dynasty,1533-1789,1533-1789,1533-1789,timespan,True,,,,,,,
nguyen_dynasty,1802 вҖ“ 1883,1802 вҖ“ 1883,1802 вҖ“ 1883,timespan,True,,,,,,,
edo,1603 вҖ“ 1868,1603 вҖ“ 1868,1603 вҖ“ 1868,timespan,True,,,,,,,
meiji,1868 вҖ“ 1912,1868 вҖ“ 1912,1868 вҖ“ 1912,timespan,True,,,,,,,
Julius,бһҮбһјбһӣбһёбһҹ,Julius,Julius,wiki,False,,,,,,,
Caligula,бһҖбһ¶бһӣбһёбһ бҹ’бһӮбһјбһЎбһ¶,Caligula,Caligula,wiki,False,,,,,,,
Nero,бһ“бһёбһҡбҹүбһј,Nero,Nero,wiki,False,,,,,,,
Galba-Otho-Vitellius,"бһ бҹ’бһӮбһ¶бһ”бһ¶, бһўбһјбһҸбһј бһ“бһ·бһ„ бһңбһёбһҸбһ¶бһӣбһёбһҹ (бһҶбҹ’бһ“бһ¶бҹҶбһ“бҹғбһўбһ’бһ·бһҡбһ¶бһҮбһ‘бһ¶бҹҶбһ„бһ”бһҪбһ“)","Galba, Otho and Vitellius (Year of the Four Emperors)","Galba, Otho and Vitellius (Year of the Four Emperors)",wiki,False,,,,,,,
Vespasian,бһңбҹҒбһҹбҹ’бһ”бҹүбһ¶бһҹбҹҖбһ“,Vespasian,Vespasian,wiki,False,,,,,,,
covid19,бһҖбһјбһңбһёбһҠ-бҹЎбҹ©,Covid-19,Covid-19,wiki,False,,,,,,,
nicaea1,бһҖбҹ’бһҡбһ»бһҳбһ”бҹ’бһҡбһ№бһҖбҹ’бһҹбһ¶бһ‘бһёбһҳбһҪбһҷбһ“бҹғбһ“бһёбһҖбһ¶,First Council of Nicaea,First Council of Nicaea,wiki,False,,,,,,,
oxyrhynchus,бһўбһ¶бһӣбҹӢбһ”бһ¶бһҺбһ¶бһҹбһ¶ бһ•бһ„бһҠбҹӮбһҡбҹ”,Oxyrhynchus Papyri,Oxyrhynchus Papyri,wiki,False,,,,,,,
p52,бһ•бһ„бһҠбҹӮбһҡбҹ” PбҹҘбҹў,Papyrus P52,Papyrus P52,wiki,False,,,,,,,
qing-dynasty_c,бһҡбһ¶бһҮбһңбһ„бҹ’бһҹбһҲбһёбһ„,Qing dynasty,Qing dynasty,wiki,False,,,,,,,
ming-dynasty_c,бһҡбһ¶бһҮбһңбһ„бҹ’бһҹ бһҳбһёбһ„ бһ“бҹ…вҖӢбһ…бһҖбҹ’бһҡбһ—бһ–вҖӢбһ…бһ·бһ“,Ming dynasty in imperial China,Ming dynasty in imperial China,wiki,False,,,,,,,
yuan-dynasty_c,бһҷбһ“бҹӢ,Yuan,Yuan,wiki,False,,,,,,,
southern-song_c,бһ…бһҳбҹ’бһҡбҹҖбһ„бһ—бһ¶бһӮбһҒбһ¶бһ„бһҸбҹ’бһ”бһјбһ„,Southern Song,Southern Song,wiki,False,,,,,,,
northern-song_c,бһ…бһҳбҹ’бһҡбҹҖбһ„бһҒбһ¶бһ„бһҮбһҫбһ„,Northern Song,Northern Song,wiki,False,,,,,,,
western-xia_c,бһҹбҹҖбһҒбһ¶бһ„бһӣбһ·бһ…,Western Xia,Western Xia,wiki,False,,,,,,,
Copernicus,бһ“бһёбһҖбһјбһЎбһ¶бһҹ бһҖбһјбһ–бҹӮбһҡбһ“бһ·бһ…,Nicolaus Copernicus,Nicolaus Copernicus,wiki,False,,,,,,,
Galileo,бһҖбһ¶бһӣбһёбһЎбҹҒбһўбһј бһ бҹ’бһӮбһ¶бһӣбһёбһӣбһё,Galileo Galilei,Galileo Galilei,wiki,False,,,,,,,
Newton,бһўбҹҠбһёбһҹбһ¶бһҖ бһүбһјбһҸбһ»бһ“,Isaac Newton,Isaac Newton,wiki,False,,,,,,,
shang-dynasty_c,бһҡбһ¶бһҮбһңбһ„бҹ’бһҹ бһҹбҹҠбһ¶бһ„,Shang dynasty,Shang dynasty,wiki,False,,,,,,,
western-zhou_c,бһ…бһјбһңбһҒбһ¶бһ„бһӣбһ·бһ…,Western Zhou,Western Zhou,wiki,False,,,,,,,
eastern-zhou_c,бһ…бһјбһңбһҒбһ¶бһ„бһҖбһҫбһҸ,Eastern Zhou,Eastern Zhou,wiki,False,,,,,,,
western-han_c,бһ бһ¶бһ“бһҒбһ¶бһ„бһӣбһ·бһ…,Western Han,Western Han,wiki,False,,,,,,,
eastern-han_c,бһ бһ¶бһ“бһҒбһ¶бһ„бһҖбһҫбһҸ,Eastern Han,Eastern Han,wiki,False,,,,,,,
three-kingdoms_c,бһ…бһ·бһ“,China,China,wiki,False,,,,,,,
sixteen-kingdoms_c,бһ…бһ·бһ“,China,China,wiki,False,,,,,,,
northern-dynasties_c,бһҡбһ¶бһҮбһңбһ„бҹ’бһҹбһҒбһ¶бһ„бһҮбһҫбһ„,Northern dynasties,Northern dynasties,wiki,False,,,,,,,
southern-dynasties_c,бһҡбһ¶бһҮбһңбһ„бҹ’бһҹбһҒбһ¶бһ„бһҸбҹ’бһ”бһјбһ„,Southern dynasties,Southern dynasties,wiki,False,,,,,,,
tang-dynasty2_c,бһҡбһ¶бһҮбһңбһ„бҹ’бһҹбһҗбһ¶бһ„,Tang dynasty,Tang dynasty,wiki,False,,,,,,,
byzantine_empire_c,бһ…бһҖбҹ’бһҡбһ—бһ– бһ”бҹҠбһёбһ бҹ’бһҹбһёбһ“бһ‘бһёбһ“,Byzantine Empire,Byzantine Empire,wiki,False,,,,,,,
ottoman_empire_c,бһ…бһҖбҹ’бһҡбһ—бһ–бһўбһјбһҸбһјбһҳбҹүбһ„бҹӢ,Ottoman Empire,Ottoman Empire,wiki,False,,,,,,,
Genghis,бһҮбҹҒбһ“бһ бҹ’бһӮбһ·бһҹ бһҒбһ¶бһ“бҹӢ,Genghis Khan,Genghis Khan,wiki,False,,,,,,,
inca_empire_c,бһўбһ¶бһҺбһ¶бһ…бһҖбҹ’бһҡ Inca,Inca empire,Inca empire,wiki,False,,,,,,,
gupta_empire_c,бһ…бһҖбҹ’бһҡбһ—бһ– бһ бҹ’бһӮбһјбһҸбһ¶,Gupta Empire,Gupta Empire,wiki,False,,,,,,,
Teotihuacan_c,бһҸбҹҒбһўбһјбһ‘бһёбһ бһҪбһҖбһ¶бһ“,Teotihuacan,Teotihuacan,wiki,False,,,,,,,
Abbasid_c,бһҖбһ¶бһӣбһёбһ бҹ’бһңбһҸ бһўбһ¶бһ”бһ¶бһҹбҹҠбһё,Abbasid Caliphate,Abbasid Caliphate,wiki,False,,,,,,,
Mamluk_c,бһҳбҹүбһҳбһӣбһјбһҖбһҹбҹҠбһ»бһӣбһҸбһ„бҹӢ,Mamluk Sultanate,Mamluk Sultanate,wiki,False,,,,,,,
Al-Ghazali,бһўбһ¶бһӣбҹӢбһ бҹ’бһӮбһ¶бһ бҹ’бһҹбһ¶бһӣбһё,Al-Ghazali,Al-Ghazali,wiki,False,,,,,,,
wulfila,бһ–бҹ’бһҡбҹҮбһӮбһҳбҹ’бһ–бһёбһҡ Wulfila,Wulfila Bible,Wulfila Bible,wiki,False,,,,,,,
tran_dynasty_c,бһҡбһ¶бһҮбһңбһ„бҹ’бһҹбһҸбҹ’бһҡбҹҒбһ“,Trбә§n dynasty,Trбә§n dynasty,wiki,False,,,,,,,
le_dynasty_c,бһҡбһ¶бһҮбһңбһ„бҹ’бһҹбһЎбҹҒ,LГӘ dynasty,LГӘ dynasty,wiki,False,,,,,,,
revival_le_dynasty_c,бһҹбҹ’бһҸбҹҒбһ…бһҸбҹ’бһҡбһ·бһү бһ“бһ·бһ„бһҹбҹ’бһҸбҹҒбһ…бһ„бҹ’бһңбҹҖбһ“,Trб»Ӣnh lords and Nguyб»…n lords,Revival LГӘ dynasty,wiki,False,,,,,,,
seljuk_empire_c,бһўбһ¶бһҺбһ¶бһ…бһҖбҹ’бһҡ Seljuk,Seljuk empire,Seljuk empire,wiki,False,,,,,,,
vandals_c,бһңбҹүбһ¶бһ“бҹӢбһҠбһ¶бһӣбҹӢ,Vandals,Vandals,wiki,False,,,,,,,
lombard_c,бһ–бҹ’бһҡбҹҮбһҡбһ¶бһҮбһ¶бһҺбһ¶бһ…бһҖбҹ’бһҡ Lombard,Lombard Kingdom,Lombard Kingdom,wiki,False,,,,,,,
people,бһҳбһ“бһ»бһҹбҹ’бһҹ,people,people,deprecated,False,,,,,,,
judges,бһ…бҹ…бһҖбҹ’бһҡбһҳ,judges,judges,deprecated,False,,,,,,,
prophets,бһ бҹ„бһҡбһ¶,prophets,prophets,deprecated,False,,,,,,,
kings,бһҹбҹ’бһҸбҹҒбһ…,kings,kings,deprecated,False,,,,,,,
periods,бһҡбһҷбҹҲбһ–бҹҒбһӣ,periods,periods,deprecated,False,,,,,,,
events,бһ–бҹ’бһҡбһ№бһҸбҹ’бһҸбһ·бһҖбһ¶бһҡбһҺбҹҚ,events,events,deprecated,False,,,,,,,
objects,бһңбһҸбҹ’бһҗбһ»,objects or items,objects or items,deprecated,False,,,,,,,
event_destruction_samaria2,бҹ§бҹӨбҹ  бһҳбһ»бһ“бһӮ.бһҹ. бһҠбҹ„бһҷ бһўбһ¶бһҹбҹ’бһҹбҹҠбһёбһҡбһё,740 B.C.E. by Assyria,740 B.C.E. by Assyria,deprecated,False,,,,,,,
photodrama,бһӣбҹ’бһҒбҹ„бһ“бһҡбһјбһ”бһҗбһҸбһ“бҹғбһҖбһ¶бһҡбһ”бһ„бҹ’бһҖбһҫбһҸ бһҸбҹ’бһҡбһјбһңбһ”бһ¶бһ“бһ”бһ„бҹ’бһ бһ¶бһүбһҮбһ¶бһӣбһҫбһҖбһҠбҹҶбһ”бһјбһ„бһ“бҹ…бһүбһјбһңбһҷбҹүбһҖбһ“бҹ…бһҗбҹ’бһ„бҹғбһ‘бһё бҹЎбҹЎ бһҒбҹӮбһҳбһҖбһҡбһ¶бһҶбҹ’бһ“бһ¶бҹҶ бҹЎбҹ©бҹЎбҹӨ бҹ”,"The вҖңPhoto-Drama of CreationвҖқ is first shown in New York on January 11, 1914","The вҖңPhoto-Drama of CreationвҖқ is first shown in New York on January 11, 1914",deprecated,False,,,,,,,
truth_book,"бһҹбҹҖбһңбһ—бҹ… ""бһҹбҹҒбһ…бһҖбҹ’бһҸбһёбһ–бһ·бһҸбһҠбҹӮбһӣбһ“бһ¶бҹҶбһ‘бҹ…бһҡбһҖбһҮбһёбһңбһ·бһҸбһўбһҹбҹӢбһҖбһӣбҹ’бһ”бһҮбһ¶бһ“бһ·бһ…бҹ’бһ…"" бһ…бҹҒбһүбһ•бҹ’бһҹбһ¶бһҷбһҶбҹ’бһ“бһ¶бҹҶ бҹЎбҹ©бҹҰбҹЁ",The book вҖңThe Truth That Leads to Eternal LifeвҖқ is released 1968,The book вҖңThe Truth That Leads to Eternal LifeвҖқ is released 1968,deprecated,False,,,,,,,
jw_broadcasting,бһҖбһ¶бһҡбһ•бҹ’бһҹбһ¶бһҷ jw.broadcast бһ“бҹ…бһҒбҹӮбһҸбһ»бһӣбһ¶ бһҶбҹ’бһ“бһ¶бҹҶ бҹўбҹ бҹЎбҹӨ,Start of JW BroadcastingВ® in October 2014,Start of JW BroadcastingВ® in October 2014,deprecated,False,,,,,,,
meeting_workbook,"бһ‘бһҳбҹ’бһҡбһ„бҹӢбһҗбҹ’бһҳбһёбһ“бҹғбһҖбһ·бһ…бҹ’бһ…бһ”бҹ’бһҡбһҮбһ»бҹҶбһ–бһ¶бһҖбҹӢбһҖбһҺбҹ’бһҸбһ¶бһӣбһҹбһ”бҹ’бһҸбһ¶бһ бҹҚбһҮбһ¶бһҳбһҪбһҷ ""бһҹбҹҖбһңбһ—бҹ…бһҖбһ¶бһҡбһ„бһ¶бһҡ"" бһҠбҹӮбһӣбһ…бһ¶бһ”бҹӢбһ•бҹ’бһҸбһҫбһҳбһ–бһёбһҒбҹӮбһҳбһҖбһҡбһ¶ бһҶбҹ’бһ“бһ¶бҹҶ бҹўбҹ бҹЎбҹҰ",New format of midweek meeting with вҖңMeeting WorkbookвҖқ starting January 2016,New format of midweek meeting with вҖңMeeting WorkbookвҖқ starting January 2016,deprecated,False,,,,,,,
terahfam,бһҹбһҳбһ¶бһҮбһ·бһҖбһ“бҹғбһӮбҹ’бһҡбһҪбһҹбһ¶бһҡбһҡбһ”бһҹбҹӢ бһҗбҹҒбһҡбҹүбһ¶,Members of TerahвҖҷs family,Members of TerahвҖҷs family,deprecated,False,,,,,,,
metropolitan,бһҖбһ¶бһҡвҖӢбһ…бһ¶бһ”бҹӢвҖӢбһ•бҹ’бһҸбһҫвҖӢбһҳвҖӢбһ“бҹғвҖӢбһҖбһ¶бһҡвҖӢбһ’бҹ’бһңбһҫвҖӢбһҮбһ¶вҖӢбһҹбһ¶бһҖбҹ’бһҹбһёвҖӢбһ‘бһёвҖӢбһҖбҹ’бһҡбһ»бһ„вҖӢбһ“бҹ…вҖӢбһҖбҹ’бһ“бһ»бһ„ бҹўбҹ бҹЎбҹЎ,Start of metropolitan witnessing in 2011,Start of metropolitan witnessing in 2011,deprecated,False,,,,,,,
jw_org,бһҖбһ¶бһҡбһ…бһ¶бһ”бҹӢбһ•бҹ’бһҸбһҫбһҳбһ“бҹғ JW.ORG бһҮбһ¶бһҳбһҪбһҷбһ“бһ№бһ„бһҖбһ¶бһҡбһҺбҹӮбһ“бһ¶бҹҶбһҖбҹ’бһ“бһ»бһ„бһҖбһ·бһ…бҹ’бһ…бһ”бһҳбҹ’бһҡбһҫбһ•бҹ’бһҹбһ¶бһҷбһҡбһ”бһҹбҹӢбһ–бҹ’бһҡбҹҮбһҡбһ¶бһҮбһ¶бһҺбһ¶бһ…бһҖбҹ’бһҡ бһҒбҹӮбһ’бҹ’бһ“бһј бһҶбҹ’бһ“бһ¶бҹҶ бҹўбҹ бҹЎбҹў,Start of JW.ORG with instructions in Kingdom Ministry December 2012,Start of JW.ORG with instructions in Kingdom Ministry December 2012,deprecated,False,,,,,,,
Babylon2,бһӮбҹ’бһҳбһ¶бһ“бһўбһҸбҹ’бһҗбһ”бһ‘бһҶбҹ’бһңбҹҒбһ„бһ“бһ·бһ„бһҹбҹ’бһҸбһ¶бҹҶ - бһ‘бһ‘бҹҒ!, , ,deprecated,False,,,,,,,
daniel2_shift,10,Start 4.2,10,deprecated,False,,,,,,,
Gatam,бһҖбһ¶бһҗбһ¶бһҳ,Gatam,Gatam,deprecated,False,,,,,,,
Adbeel,бһўбһ¶бһҸбһ”бҹҖбһӣ,Adbeel,Adbeel,deprecated,False,,,,,,,
Mibsam,бһҳбһёбһ”бһҹбһ¶бһҳ,Mibsam,Mibsam,deprecated,False,,,,,,,
Dumah,бһҢбһјбһҳбҹүбһ¶,Dumah,Dumah,deprecated,False,,,,,,,
Massa,бһҳбҹүбһ¶бһҹбһ¶,Massa,Massa,deprecated,False,,,,,,,
tang-dynasty1, , , ,deprecated,False,,,,,,,
xia-dynasty,бһҡбһ¶бһҮбһңбһ„бҹ’бһҹ Xia бһ“бҹ…бһ”бһҖбһҡбһ‘бҹҒбһҹбһ…бһ·бһ“бһ”бҹ’бһҡбһ бҹӮбһӣ бһҶбҹ’бһ“бһ¶бҹҶбҹўбҹ бҹ§бҹ - бһ”бҹ’бһҡбһ бҹӮбһӣбҹЎбҹҰбҹ бҹ  бһҳбһ»бһ“бһӮ.бһҹ,Xia dynasty in China c. 2070 вҖ“ c. 1600 BC,Xia dynasty in China c. 2070 вҖ“ c. 1600 BC,deprecated,False,,,,,,,
Midianites,"1) бһҮбһ“бһҮбһ¶бһҸбһ·бһҳбҹүбһ¶бһҢбһ¶бһ“: бһҮбһ“бһӮбһҺбһ“бһ¶ 31: 2, 3","1) Midianites: Numbers 31:2, 3","1) Midianites: Numbers 31:2, 3",deprecated,False,,,,,,,
Moabites,"2) бһҮбһ“бһҮбһ¶бһҸбһ·бһҳбҹүбһјбһўбһ¶бһ”бҹӢ: бһ…бҹ„бһ‘бһ·бһҷбһҖбһҗбһ¶ 23: 3, 4","2) Moabites: Deuteronomy 23:3, 4","2) Moabites: Deuteronomy 23:3, 4",deprecated,False,,,,,,,
Ammonites,3) бһўбһ¶бҹҶбһҳбҹүбһјбһ“: бһҷбҹүбһјбһҹбҹ’бһңбҹҒ 12: 2,3) Ammonites: Joshua 12:2,3) Ammonites: Joshua 12:2,deprecated,False,,,,,,,
Edomites,4) бһҮбһ“бһҮбһ¶бһҸбһ·бһўбҹҒбһҠбһ»бһҳбҹҲбһҮбһ“бһӮбһҺбһ“бһ¶ 20: 14-17,4) Edomites: Numbers 20:14-17,4) Edomites: Numbers 20:14-17,deprecated,False,,,,,,,
Temanites,5) бһҗбҹҒбһҸбһ¶бһ“бһёбһ“бҹҲбһҷбҹүбһјбһ” 42: 7,5) Temanites: Job 42:7,5) Temanites: Job 42:7,deprecated,False,,,,,,,
Amalekites,6) бһҮбһ“бһҮбһ¶бһҸбһ·бһўбһ¶бһҳбҹүбһ¶бһӣбҹҒбһҖбҹҲбһҹбһ¶бҹҶбһҷбһјбһўбҹӮбһӣбһ‘бһё 1 15: 2,6) Amalekites: 1 Samuel 15:2,6) Amalekites: 1 Samuel 15:2,deprecated,False,,,,,,,
king_south_light,2025-02-05, , ,deprecated,False,,,,,,,
king_north_light,2025-02-05, , ,deprecated,False,,,,,,,
daniel2_iron,2025-02-05, , ,deprecated,False,,,,,,,
